cummulativemae_fold_0,cummulativemae_fold_1,cummulativemae_fold_2,cummulativemae_fold_3,cummulativemae_avg,cummulativemae_std,cummulativecoverage_fold_0,cummulativecoverage_fold_1,cummulativecoverage_fold_2,cummulativecoverage_fold_3,cummulativecoverage_avg,cummulativecoverage_std,numIters,numFactors,gamma,lambda,seed
0.0,0.0,0.0,0.0,0.0,0.0,0.0,0.0,0.0,0.0,0.0,0.0,75,8,1.0,0.01,4815162342
0.0,0.0,0.0,0.0,0.0,0.0,0.0,0.0,0.0,0.0,0.0,0.0,75,10,1.0,0.01,4815162342
0.11601900269433363,0.11318010135382302,0.10980117015754653,0.11005749578230639,0.11226444249700239,0.0025432989323560568,1.0,1.0,1.0,1.0,1.0,0.0,50,6,1.0E-4,1.0E-4,4815162342
0.0,0.0,0.0,0.0,0.0,0.0,0.0,0.0,0.0,0.0,0.0,0.0,50,4,1.0,0.01,4815162342
0.10653687274015188,0.10838982526456534,0.10720707394763807,0.10909333744132556,0.1078067773484202,9.959271595087434E-4,1.0,1.0,1.0,1.0,1.0,0.0,50,4,1.0E-4,1.0E-4,4815162342
0.0,0.0,0.0,0.0,0.0,0.0,0.0,0.0,0.0,0.0,0.0,0.0,50,6,1.0,0.01,4815162342
0.12890805956430182,0.1288046871288323,0.11661749675013759,0.12405231731792987,0.12459564019030041,0.005006471049638693,1.0,1.0,1.0,1.0,1.0,0.0,50,10,1.0E-4,1.0E-4,4815162342
0.11700280561286724,0.1532820576840861,0.14359390224783342,0.13131903353510876,0.13629944976997388,0.013590281731026804,1.0,1.0,1.0,1.0,1.0,0.0,75,2,1.0E-4,1.0E-4,4815162342
0.0,0.0,0.0,0.0,0.0,0.0,0.0,0.0,0.0,0.0,0.0,0.0,50,2,1.0,0.01,4815162342
0.14375857418006607,0.12989390646835097,0.12883469217031893,0.1373784825440868,0.1349664138407057,0.006050795413591008,1.0,1.0,1.0,1.0,1.0,0.0,50,8,1.0E-4,1.0E-4,4815162342
0.6930984771002832,0.6932769046662098,0.6931764308553625,0.6975042741953188,0.6942640217042936,0.0018718296083702934,1.0,1.0,1.0,1.0,1.0,0.0,100,6,0.01,1.0,4815162342
0.0,0.0,0.0,0.0,0.0,0.0,0.0,0.0,0.0,0.0,0.0,0.0,75,4,1.0,0.01,4815162342
0.6930772100374397,0.693304359689073,0.6937452591672858,0.697379738363277,0.6943766418142688,0.0017503960143510455,1.0,1.0,1.0,1.0,1.0,0.0,100,8,0.01,1.0,4815162342
0.0,0.0,0.0,0.0,0.0,0.0,0.0,0.0,0.0,0.0,0.0,0.0,75,6,1.0,0.01,4815162342
0.693055674073198,0.69324348137251,0.693365271664923,0.69761127674383,0.6943189259636153,0.0019040362777909094,1.0,1.0,1.0,1.0,1.0,0.0,100,2,0.01,1.0,4815162342
0.0,0.0,0.0,0.0,0.0,0.0,0.0,0.0,0.0,0.0,0.0,0.0,50,8,1.0,0.01,4815162342
0.09982516240183138,0.1102018525117448,0.10610328072544917,0.10815510561643348,0.1060713503138647,0.0038864819422998395,1.0,1.0,1.0,1.0,1.0,0.0,50,2,1.0E-4,1.0E-4,4815162342
0.6930703692923473,0.6932732451102013,0.693399363799524,0.6974610413846141,0.6943010048966717,0.0018282191774038803,1.0,1.0,1.0,1.0,1.0,0.0,100,4,0.01,1.0,4815162342
0.0,0.0,0.0,0.0,0.0,0.0,0.0,0.0,0.0,0.0,0.0,0.0,50,10,1.0,0.01,4815162342
0.0,0.0,0.0,0.0,0.0,0.0,0.0,0.0,0.0,0.0,0.0,0.0,75,2,1.0,0.01,4815162342
0.6930027810567635,0.6931903313335631,0.6933110235526478,0.6973015311393718,0.6942014167705866,0.0017932185113304503,1.0,1.0,1.0,1.0,1.0,0.0,50,4,0.01,1.0,4815162342
0.6930231067850452,0.6931674839804879,0.693091710904967,0.6973371246496981,0.6941548565800496,0.0018379928619562823,1.0,1.0,1.0,1.0,1.0,0.0,50,6,0.01,1.0,4815162342
0.692961340938495,0.69309413010093,0.6932864405074647,0.6974447883230257,0.6941966749674788,0.0018788575310942051,1.0,1.0,1.0,1.0,1.0,0.0,50,2,0.01,1.0,4815162342
0.0,0.0,0.0,0.0,0.0,0.0,0.0,0.0,0.0,0.0,0.0,0.0,100,6,1.0,0.01,4815162342
0.6930545794870407,0.6932598172742522,0.693380111841964,0.6974172448225342,0.6942779383564479,0.0018162127490667188,1.0,1.0,1.0,1.0,1.0,0.0,75,4,0.01,1.0,4815162342
0.20530489026023438,0.18313460329263884,0.18497084579608233,0.129389659923699,0.17569999981816364,0.02811725019092739,1.0,1.0,1.0,1.0,1.0,0.0,75,6,1.0E-4,1.0E-4,4815162342
0.0,0.0,0.0,0.0,0.0,0.0,0.0,0.0,0.0,0.0,0.0,0.0,100,8,1.0,0.01,4815162342
0.14661588582008284,0.1506246043308026,0.15371345126955238,0.1406236200564109,0.14789439036921218,0.004894236734711249,1.0,1.0,1.0,1.0,1.0,0.0,75,4,1.0E-4,1.0E-4,4815162342
0.6930819304719751,0.6932566871909577,0.6931583578809474,0.6974552330246422,0.6942380521421305,0.0018584729626782192,1.0,1.0,1.0,1.0,1.0,0.0,75,6,0.01,1.0,4815162342
0.692991239672334,0.6931918816672253,0.6936876977767896,0.6972333575662488,0.6942760441706494,0.0017261217317792073,1.0,1.0,1.0,1.0,1.0,0.0,50,8,0.01,1.0,4815162342
0.0,0.0,0.0,0.0,0.0,0.0,0.0,0.0,0.0,0.0,0.0,0.0,100,2,1.0,0.01,4815162342
0.25500966182519946,0.2470565839830937,0.2190731337033132,0.22786086937471595,0.23725006222158057,0.014405978965465234,1.0,1.0,1.0,1.0,1.0,0.0,75,10,1.0E-4,1.0E-4,4815162342
0.6930619160415198,0.6931289962615178,0.6933206937221806,0.6972304164920257,0.6941855056293109,0.001760543055609533,1.0,1.0,1.0,1.0,1.0,0.0,50,10,0.01,1.0,4815162342
0.0,0.0,0.0,0.0,0.0,0.0,0.0,0.0,0.0,0.0,0.0,0.0,100,4,1.0,0.01,4815162342
0.6930363490101482,0.6932099318670336,0.6933507916858027,0.6975636873103495,0.6942901899683336,0.0018932332592191566,1.0,1.0,1.0,1.0,1.0,0.0,75,2,0.01,1.0,4815162342
0.2848524074576535,0.2507857156708832,0.24720039821115855,0.2708564647964904,0.26342374653404643,0.015308083360203914,1.0,1.0,1.0,1.0,1.0,0.0,75,8,1.0E-4,1.0E-4,4815162342
0.6930561263110181,0.6932806171808092,0.693735654100075,0.6973380873433831,0.6943526212338212,0.001740958651863532,1.0,1.0,1.0,1.0,1.0,0.0,75,8,0.01,1.0,4815162342
0.6931209999100464,0.693216077486591,0.6933954705239428,0.697353159276906,0.6942714267993715,0.0017819665161853094,1.0,1.0,1.0,1.0,1.0,0.0,75,10,0.01,1.0,4815162342
0.29978750350510813,0.30790120487649997,0.3149691888735777,0.27718686853607516,0.29996119144781525,0.014203729717657243,1.0,1.0,1.0,1.0,1.0,0.0,100,4,1.0E-4,1.0E-4,4815162342
0.21535296331356402,0.3023196097257863,0.2886526923480637,0.24862255125970098,0.2637369541617787,0.034201136915403864,1.0,1.0,1.0,1.0,1.0,0.0,100,2,1.0E-4,1.0E-4,4815162342
0.0,0.0,0.0,0.0,0.0,0.0,0.0,0.0,0.0,0.0,0.0,0.0,100,10,1.0,0.01,4815162342
0.44288229664849127,0.4233321097647914,0.41537116189256545,0.44101597975067447,0.43065038701413066,0.01166272940070976,1.0,1.0,1.0,1.0,1.0,0.0,100,8,1.0E-4,1.0E-4,4815162342
0.37723706145313657,0.3638068503426173,0.3549512466341329,0.229425053647374,0.3313550530193152,0.059381779555066024,1.0,1.0,1.0,1.0,1.0,0.0,100,6,1.0E-4,1.0E-4,4815162342
0.4186051194581331,0.4127819559758611,0.39191715742832667,0.3981250013661473,0.40535730855711705,0.010765382164965401,1.0,1.0,1.0,1.0,1.0,0.0,100,10,1.0E-4,1.0E-4,4815162342
0.6931355146703015,0.6932406342970527,0.6934208213865402,0.697409380786327,0.6943015877850554,0.0017971836022067174,1.0,1.0,1.0,1.0,1.0,0.0,100,10,0.01,1.0,4815162342
0.0,0.0,0.0,0.0,0.0,0.0,0.0,0.0,0.0,0.0,0.0,0.0,50,6,1.0,0.1,4815162342
0.6628541583431532,0.6600635014742207,0.6690222485576337,0.6699062157286999,0.6654615310259269,0.004134339330402046,1.0,1.0,1.0,1.0,1.0,0.0,50,6,0.1,1.0,4815162342
0.0,0.0,0.0,0.0,0.0,0.0,0.0,0.0,0.0,0.0,0.0,0.0,50,4,1.0,0.1,4815162342
0.6628138528282262,0.6600505896905657,0.6691439457982383,0.669743134069979,0.6654378805967524,0.004128515222942516,1.0,1.0,1.0,1.0,1.0,0.0,50,4,0.1,1.0,4815162342
0.0,0.0,0.0,0.0,0.0,0.0,0.0,0.0,0.0,0.0,0.0,0.0,50,2,1.0,0.1,4815162342
0.6628458701564877,0.6600813461589647,0.6692161363487589,0.6695745536123638,0.6654294765691438,0.004086501467043179,1.0,1.0,1.0,1.0,1.0,0.0,50,2,0.1,1.0,4815162342
0.29957419064830315,0.30768180239470744,0.31473846879717365,0.27699069719313574,0.29974628975833,0.014191409410552264,1.0,1.0,1.0,1.0,1.0,0.0,100,4,1.0E-4,0.001,4815162342
0.3770968424609901,0.3636232198121171,0.3547923000739838,0.22925971793842514,0.3311930200713791,0.05938476838712628,1.0,1.0,1.0,1.0,1.0,0.0,100,6,1.0E-4,0.001,4815162342
0.44276546896830127,0.4232108357739015,0.41524623329731797,0.4409026660332682,0.43053130101819725,0.011666861020985873,1.0,1.0,1.0,1.0,1.0,0.0,100,8,1.0E-4,0.001,4815162342
0.41850544576357057,0.41267533042032806,0.3917909256954063,0.398017859872157,0.4052473904378655,0.01077372821923873,1.0,1.0,1.0,1.0,1.0,0.0,100,10,1.0E-4,0.001,4815162342
0.662873500551476,0.6600136879534954,0.6692590564617019,0.6697678945824955,0.6654785348872921,0.004163583368626787,1.0,1.0,1.0,1.0,1.0,0.0,75,10,0.1,1.0,4815162342
0.0,0.0,0.0,0.0,0.0,0.0,0.0,0.0,0.0,0.0,0.0,0.0,75,10,1.0,0.1,4815162342
0.0,0.0,0.0,0.0,0.0,0.0,0.0,0.0,0.0,0.0,0.0,0.0,75,8,1.0,0.1,4815162342
0.6628667710682841,0.6600625984100508,0.6693107434933848,0.66977649651643,0.6655041523720374,0.0041626118638376204,1.0,1.0,1.0,1.0,1.0,0.0,75,8,0.1,1.0,4815162342
0.6628725631928014,0.6600875346152589,0.6690392148649121,0.6699380435635347,0.6654843390591269,0.004135803948098027,1.0,1.0,1.0,1.0,1.0,0.0,75,6,0.1,1.0,4815162342
0.0,0.0,0.0,0.0,0.0,0.0,0.0,0.0,0.0,0.0,0.0,0.0,75,6,1.0,0.1,4815162342
0.2151612211048804,0.3021255095653065,0.2884484214003646,0.24839251086454114,0.26353191573377316,0.03420242468796171,1.0,1.0,1.0,1.0,1.0,0.0,100,2,1.0E-4,0.001,4815162342
0.662824973989945,0.6600741403925154,0.6691683183822194,0.6697756893895448,0.6654607805385562,0.004133026841165377,1.0,1.0,1.0,1.0,1.0,0.0,75,4,0.1,1.0,4815162342
0.0,0.0,0.0,0.0,0.0,0.0,0.0,0.0,0.0,0.0,0.0,0.0,75,4,1.0,0.1,4815162342
0.0,0.0,0.0,0.0,0.0,0.0,0.0,0.0,0.0,0.0,0.0,0.0,75,2,1.0,0.1,4815162342
0.6628715556286855,0.6601433153763984,0.669309771232618,0.6696062339597548,0.6654827190493642,0.004091977200019977,1.0,1.0,1.0,1.0,1.0,0.0,75,2,0.1,1.0,4815162342
0.0,0.0,0.0,0.0,0.0,0.0,0.0,0.0,0.0,0.0,0.0,0.0,50,10,1.0,0.1,4815162342
0.6628573607112267,0.6599971906440993,0.6692384668398826,0.6697486173838482,0.6654604088947642,0.004161882608349852,1.0,1.0,1.0,1.0,1.0,0.0,50,10,0.1,1.0,4815162342
0.6628461589193121,0.660051666489971,0.6692915718203138,0.6697620627945775,0.6654878650060436,0.004161364488339666,1.0,1.0,1.0,1.0,1.0,0.0,50,8,0.1,1.0,4815162342
0.0,0.0,0.0,0.0,0.0,0.0,0.0,0.0,0.0,0.0,0.0,0.0,50,8,1.0,0.1,4815162342
0.09982321805390237,0.11019269137972763,0.10609716775712774,0.10815132954444187,0.1060661016837999,0.003884310713198963,1.0,1.0,1.0,1.0,1.0,0.0,50,2,1.0E-4,0.001,4815162342
0.6926392022335852,0.6926530658293768,0.6928796511944018,0.6967186553898871,0.6937226436618127,0.001732380200974136,1.0,1.0,1.0,1.0,1.0,0.0,25,10,0.01,1.0,4815162342
0.10653040903327493,0.10838276908212362,0.10719832701986412,0.10909076295210018,0.10780056702184071,9.974416165061993E-4,1.0,1.0,1.0,1.0,1.0,0.0,50,4,1.0E-4,0.001,4815162342
0.6926243560165061,0.6925326617352384,0.6926970223724188,0.696825741026779,0.6936699452877356,0.0018229300966166864,1.0,1.0,1.0,1.0,1.0,0.0,25,6,0.01,1.0,4815162342
0.11600164224424965,0.11316783133820417,0.10978998076677117,0.11005686446192496,0.11225407970278749,0.002538636712615273,1.0,1.0,1.0,1.0,1.0,0.0,50,6,1.0E-4,0.001,4815162342
0.0,0.0,0.0,0.0,0.0,0.0,0.0,0.0,0.0,0.0,0.0,0.0,100,10,1.0,0.1,4815162342
0.14371063267977613,0.12986420607933535,0.12880389430362515,0.1373452956032267,0.13493100716649084,0.00604410039005766,1.0,1.0,1.0,1.0,1.0,0.0,50,8,1.0E-4,0.001,4815162342
0.6628762186531457,0.6600162729614432,0.6692638627175075,0.6697720525994664,0.6654821017328907,0.00416447191629647,1.0,1.0,1.0,1.0,1.0,0.0,100,10,0.1,1.0,4815162342
0.692576570952166,0.6926785603579501,0.693260758887838,0.6967527984390242,0.6938171721592445,0.0017148633744545026,1.0,1.0,1.0,1.0,1.0,0.0,25,8,0.01,1.0,4815162342
0.6628705001952402,0.6600647223999461,0.6693153157691017,0.669780262340629,0.6655077001762293,0.004163338647185325,1.0,1.0,1.0,1.0,1.0,0.0,100,8,0.1,1.0,4815162342
0.0,0.0,0.0,0.0,0.0,0.0,0.0,0.0,0.0,0.0,0.0,0.0,100,8,1.0,0.1,4815162342
0.0,0.0,0.0,0.0,0.0,0.0,0.0,0.0,0.0,0.0,0.0,0.0,25,2,1.0,0.01,4815162342
0.6628764152203852,0.6600923742895489,0.6690433858878205,0.6699465788490278,0.6654896885616957,0.004136811411816622,1.0,1.0,1.0,1.0,1.0,0.0,100,6,0.1,1.0,4815162342
0.0,0.0,0.0,0.0,0.0,0.0,0.0,0.0,0.0,0.0,0.0,0.0,100,6,1.0,0.1,4815162342
0.0,0.0,0.0,0.0,0.0,0.0,0.0,0.0,0.0,0.0,0.0,0.0,25,4,1.0,0.01,4815162342
0.6628267554076528,0.6600778877385041,0.6691739897142398,0.6697832118643074,0.6654654611811761,0.004134757266201944,1.0,1.0,1.0,1.0,1.0,0.0,100,4,0.1,1.0,4815162342
0.0,0.0,0.0,0.0,0.0,0.0,0.0,0.0,0.0,0.0,0.0,0.0,100,2,1.0,1.0E-4,4815162342
0.0,0.0,0.0,0.0,0.0,0.0,0.0,0.0,0.0,0.0,0.0,0.0,100,4,1.0,0.1,4815162342
0.0,0.0,0.0,0.0,0.0,0.0,0.0,0.0,0.0,0.0,0.0,0.0,100,4,1.0,1.0E-4,4815162342
0.6628758335904843,0.660153319435055,0.669332211687768,0.6696153292379864,0.6654941734878235,0.004095573457170146,1.0,1.0,1.0,1.0,1.0,0.0,100,2,0.1,1.0,4815162342
0.0,0.0,0.0,0.0,0.0,0.0,0.0,0.0,0.0,0.0,0.0,0.0,100,2,1.0,0.1,4815162342
0.25487490838914506,0.24691852459164143,0.21894327724339718,0.2277462397703273,0.23712073749862775,0.01440059447486557,1.0,1.0,1.0,1.0,1.0,0.0,75,10,1.0E-4,0.001,4815162342
0.0,0.0,0.0,0.0,0.0,0.0,0.0,0.0,0.0,0.0,0.0,0.0,100,6,1.0,1.0E-4,4815162342
0.0,0.0,0.0,0.0,0.0,0.0,0.0,0.0,0.0,0.0,0.0,0.0,100,8,1.0,1.0E-4,4815162342
0.0,0.0,0.0,0.0,0.0,0.0,0.0,0.0,0.0,0.0,0.0,0.0,100,10,1.0,1.0E-4,4815162342
0.11696778147847252,0.15320269842276124,0.14352345985043435,0.13126843239396058,0.13624059303640718,0.01357310589889612,1.0,1.0,1.0,1.0,1.0,0.0,75,2,1.0E-4,0.001,4815162342
0.12887748052903159,0.12877578302591142,0.11659869558579739,0.12403739944830083,0.1245723396472603,0.005001708080365895,1.0,1.0,1.0,1.0,1.0,0.0,50,10,1.0E-4,0.001,4815162342
0.14654203732137822,0.15054346521673811,0.1536161920615147,0.14056834840358223,0.14781751075080332,0.0048793626607140156,1.0,1.0,1.0,1.0,1.0,0.0,75,4,1.0E-4,0.001,4815162342
0.2051808305547339,0.18302134785945687,0.18485726310436343,0.1293576177104434,0.17560426480724942,0.028080939743897134,1.0,1.0,1.0,1.0,1.0,0.0,75,6,1.0E-4,0.001,4815162342
0.2846951492937303,0.2506426316810346,0.2470537125373366,0.2707105544070151,0.26327551197977916,0.01530373451440239,1.0,1.0,1.0,1.0,1.0,0.0,75,8,1.0E-4,0.001,4815162342
0.1074226141629142,0.10473971929747178,0.10422668480111588,0.10789387458883358,0.10607072321258387,0.0016065132404775985,1.0,1.0,1.0,1.0,1.0,0.0,25,8,1.0E-4,0.001,4815162342
0.1013134749878809,0.10493502600957307,0.09797888938260058,0.10459343789466202,0.10220520706867914,0.002820128774356915,1.0,1.0,1.0,1.0,1.0,0.0,25,10,1.0E-4,0.001,4815162342
0.09777307873254737,0.10422064783468632,0.1012934557645233,0.10515791180032516,0.10211127353302055,0.0028818494368050857,1.0,1.0,1.0,1.0,1.0,0.0,25,2,1.0E-4,0.001,4815162342
0.1011417471133408,0.10284725270001606,0.10111641560772777,0.10570840847178276,0.10270345597321684,0.001871366392638191,1.0,1.0,1.0,1.0,1.0,0.0,25,4,1.0E-4,0.001,4815162342
0.10149904785381016,0.10260480168349617,0.09805512819216357,0.10763432907623771,0.1024483267014269,0.0034322160670579548,1.0,1.0,1.0,1.0,1.0,0.0,25,6,1.0E-4,0.001,4815162342
0.0,0.0,0.0,0.0,0.0,0.0,0.0,0.0,0.0,0.0,0.0,0.0,25,10,1.0,0.01,4815162342
0.0,0.0,0.0,0.0,0.0,0.0,0.0,0.0,0.0,0.0,0.0,0.0,25,6,1.0,0.01,4815162342
0.0,0.0,0.0,0.0,0.0,0.0,0.0,0.0,0.0,0.0,0.0,0.0,25,8,1.0,0.01,4815162342
0.6924606681713572,0.6925148708701728,0.6927760389759147,0.6969103918055277,0.693665492455743,0.0018772340605554343,1.0,1.0,1.0,1.0,1.0,0.0,25,2,0.01,1.0,4815162342
0.6926172387385249,0.6927230285163799,0.6928600497201702,0.6967338237874903,0.6937335351906413,0.00173435507028121,1.0,1.0,1.0,1.0,1.0,0.0,25,4,0.01,1.0,4815162342
0.7718873402464553,0.7721338577826828,0.7697228446750672,0.7726515646344405,0.7715989018346614,0.0011177056879859999,1.0,1.0,1.0,1.0,1.0,0.0,50,10,0.001,1.0E-4,4815162342
0.6516878405645613,0.6479093805251193,0.6307002711075327,0.6068956370338621,0.6342982823077689,0.017688339263857763,1.0,1.0,1.0,1.0,1.0,0.0,25,10,0.1,0.001,4815162342
0.7989139718179096,0.7996441786147521,0.7995765324066457,0.802793467109752,0.8002320374872649,0.0015061111997788292,1.0,1.0,1.0,1.0,1.0,0.0,75,2,0.001,1.0E-4,4815162342
0.6231396669021313,0.6668234977629903,0.6650913682578551,0.657241203951068,0.6530739342185112,0.017655705277232803,1.0,1.0,1.0,1.0,1.0,0.0,25,8,0.1,0.001,4815162342
0.797190763387173,0.7957500725765558,0.7960470394296435,0.796010716243588,0.79624964790924,5.552955052688558E-4,1.0,1.0,1.0,1.0,1.0,0.0,75,4,0.001,1.0E-4,4815162342
0.6944253373045383,0.7014110498849525,0.6991790389385824,0.6561422280049025,0.687789413533244,0.018444866358527854,1.0,1.0,1.0,1.0,1.0,0.0,25,6,0.1,0.001,4815162342
0.7896626456456524,0.7910531733752519,0.7892386365015174,0.7933508375522806,0.7908263232686755,0.0016046439028577272,1.0,1.0,1.0,1.0,1.0,0.0,75,6,0.001,1.0E-4,4815162342
0.7187033280146673,0.7177333444879841,0.7121999199387236,0.7248183833210329,0.7183637439406019,0.004476824116233561,1.0,1.0,1.0,1.0,1.0,0.0,25,4,0.1,0.001,4815162342
0.7880170877164271,0.7870761680850669,0.7876459571441602,0.7882350210537264,0.7877435584998452,4.3911549294033483E-4,1.0,1.0,1.0,1.0,1.0,0.0,75,8,0.001,1.0E-4,4815162342
0.701791465181389,0.7222614227135619,0.7286776291496493,0.682595626516465,0.7088315358902663,0.018111562701786404,1.0,1.0,1.0,1.0,1.0,0.0,25,2,0.1,0.001,4815162342
0.7810599440719309,0.7819202558975653,0.7796354601114753,0.7824880075867837,0.7812759169169388,0.0010749510819395597,1.0,1.0,1.0,1.0,1.0,0.0,75,10,0.001,1.0E-4,4815162342
0.25352287326531253,0.2455338368766373,0.2176420449798715,0.22659760672427634,0.23582409046152442,0.01434608716891179,1.0,1.0,1.0,1.0,1.0,0.0,75,10,1.0E-4,0.01,4815162342
0.28311656576732375,0.24920792439153924,0.24557921825902412,0.2692481444134758,0.2617879632078407,0.015260605985647619,1.0,1.0,1.0,1.0,1.0,0.0,75,8,1.0E-4,0.01,4815162342
0.5916939169867943,0.6538721573130446,0.6414166124882232,0.6318623495337843,0.6297112590804617,0.023295438350732597,1.0,1.0,1.0,1.0,1.0,0.0,50,8,0.1,1.0E-4,4815162342
0.20394048422636446,0.18189475248284515,0.1837245524260902,0.12903924983301357,0.17464975974207836,0.027717805365192662,1.0,1.0,1.0,1.0,1.0,0.0,75,6,1.0E-4,0.01,4815162342
0.1458088535844306,0.14973765040195575,0.1526514425401357,0.14001947362568248,0.14705435503805114,0.004732026333216146,1.0,1.0,1.0,1.0,1.0,0.0,75,4,1.0E-4,0.01,4815162342
0.6204190521206318,0.5666657294827032,0.630506908058741,0.6306107584150618,0.6120506120192845,0.026527967554629293,1.0,1.0,1.0,1.0,1.0,0.0,50,10,0.1,1.0E-4,4815162342
0.6539994692327661,0.713976366488366,0.7293520738737002,0.6917314036734216,0.6972648283170635,0.028334505997294455,1.0,1.0,1.0,1.0,1.0,0.0,75,2,0.1,1.0E-4,4815162342
0.11662095110639013,0.1524140303619186,0.14282417242011286,0.1307671699106968,0.13565658094977961,0.013401940364455035,1.0,1.0,1.0,1.0,1.0,0.0,75,2,1.0E-4,0.01,4815162342
0.6927278860163957,0.6819213062863883,0.6800927624563595,0.6603058864501141,0.6787619603023145,0.011698570901069521,1.0,1.0,1.0,1.0,1.0,0.0,75,4,0.1,1.0E-4,4815162342
0.12857266672329365,0.128487849598622,0.11641131782651193,0.1238882717358113,0.12434002647105971,0.004954497535404516,1.0,1.0,1.0,1.0,1.0,0.0,50,10,1.0E-4,0.01,4815162342
0.6768391032590613,0.6246360289944584,0.6581995185391514,0.6060002441363732,0.641418723732261,0.027714282868766957,1.0,1.0,1.0,1.0,1.0,0.0,75,6,0.1,1.0E-4,4815162342
0.7908381770886387,0.7920577023084899,0.7916413639146719,0.795434910536368,0.7924930384620421,0.0017541411408513257,1.0,1.0,1.0,1.0,1.0,0.0,50,2,0.001,1.0E-4,4815162342
0.5885680491528213,0.6360286725651395,0.6240460569037654,0.5711534547883218,0.604949058352512,0.026177843952188775,1.0,1.0,1.0,1.0,1.0,0.0,75,8,0.1,1.0E-4,4815162342
0.14323289932129063,0.12956799727675683,0.12849702588141443,0.1370147468314976,0.13457816732773986,0.0059775285609587,1.0,1.0,1.0,1.0,1.0,0.0,50,8,1.0E-4,0.01,4815162342
0.7887689914136579,0.7877477164530312,0.7872160193650877,0.7872584288538956,0.7877477890214181,6.255211171762673E-4,1.0,1.0,1.0,1.0,1.0,0.0,50,4,0.001,1.0E-4,4815162342
0.6363869707603096,0.5894954932280314,0.6163048411674443,0.6149757027304716,0.6142907519715642,0.016640113083674742,1.0,1.0,1.0,1.0,1.0,0.0,75,10,0.1,1.0E-4,4815162342
0.11582831585874066,0.11304572566108306,0.10967873796563365,0.11004996845483506,0.1121506869850731,0.0024924685886676757,1.0,1.0,1.0,1.0,1.0,0.0,50,6,1.0E-4,0.01,4815162342
0.7810482608833901,0.7822567231535452,0.7797019810382964,0.7840664185504818,0.7817683459064284,0.001605306545609145,1.0,1.0,1.0,1.0,1.0,0.0,50,6,0.001,1.0E-4,4815162342
0.10646597302199144,0.10831278414094073,0.10711173660632123,0.1090651701096271,0.10773891596972013,0.0010126712723789132,1.0,1.0,1.0,1.0,1.0,0.0,50,4,1.0E-4,0.01,4815162342
0.7793176105776454,0.7784731273529394,0.7777094060227108,0.7794272613116117,0.7787318513162268,6.962473413649477E-4,1.0,1.0,1.0,1.0,1.0,0.0,50,8,0.001,1.0E-4,4815162342
0.09980398981094417,0.11010165035767837,0.10603652997609381,0.1081139432341437,0.10601402834471502,0.0038627510008425446,1.0,1.0,1.0,1.0,1.0,0.0,50,2,1.0E-4,0.01,4815162342
0.4174853518054597,0.411590443417002,0.39051251838805967,0.3969283231266383,0.40412915918428993,0.010854994129867668,1.0,1.0,1.0,1.0,1.0,0.0,100,10,1.0E-4,0.01,4815162342
0.6975140282934162,0.6917031078182252,0.6979043844383996,0.7070659216663714,0.6985468605541031,0.00549751925377172,1.0,1.0,1.0,1.0,1.0,0.0,50,4,0.1,0.001,4815162342
0.6646779066738651,0.7057966088106874,0.7283416151498444,0.6774086818989512,0.694056203133337,0.024766665443294845,1.0,1.0,1.0,1.0,1.0,0.0,50,2,0.1,0.001,4815162342
0.44158052770271994,0.42198217081769174,0.41398085212939306,0.43975322154343766,0.4293241930483106,0.011707964975841001,1.0,1.0,1.0,1.0,1.0,0.0,100,8,1.0E-4,0.01,4815162342
0.3756748775687225,0.36177219152045026,0.353191523938594,0.2276091366921219,0.3295619324299721,0.05940672237565643,1.0,1.0,1.0,1.0,1.0,0.0,100,6,1.0E-4,0.01,4815162342
0.29743023279504155,0.3054779656282344,0.31241417551140166,0.2750254092791491,0.2975869458034567,0.014063804819392524,1.0,1.0,1.0,1.0,1.0,0.0,100,4,1.0E-4,0.01,4815162342
0.21324843108513225,0.3001764455657357,0.28640051138802974,0.2460985886683338,0.26148099417680787,0.03421008198562546,1.0,1.0,1.0,1.0,1.0,0.0,100,2,1.0E-4,0.01,4815162342
0.6633242445476358,0.7199700927977363,0.7278194007810126,0.6672006618963467,0.6945786000056828,0.029479081450287145,1.0,1.0,1.0,1.0,1.0,0.0,50,2,0.1,1.0E-4,4815162342
0.6860546782277871,0.6830004160240322,0.6595404840242949,0.6956342255164029,0.6810574509481293,0.013268474066244255,1.0,1.0,1.0,1.0,1.0,0.0,50,4,0.1,1.0E-4,4815162342
0.6558908686705468,0.6663799303422904,0.6572296338151241,0.5733357338642089,0.6382090416730426,0.03767152427855793,1.0,1.0,1.0,1.0,1.0,0.0,50,6,0.1,1.0E-4,4815162342
0.7592600500256403,0.7572701512902253,0.7552479177564159,0.7564694792730465,0.7570618995863321,0.0014591715143245742,1.0,1.0,1.0,1.0,1.0,0.0,25,8,0.1,0.1,4815162342
0.5840412208064552,0.6201907212809785,0.620128651476994,0.5860638875393556,0.6026061202759458,0.01756814054205594,1.0,1.0,1.0,1.0,1.0,0.0,75,10,0.1,0.001,4815162342
0.7203781465401791,0.7274413679537021,0.7214397705158779,0.729517992230209,0.7246943193099921,0.003874129964401291,1.0,1.0,1.0,1.0,1.0,0.0,25,2,0.001,1.0E-4,4815162342
0.7540161010791174,0.7548250670821216,0.7570219530993917,0.7557900720422612,0.755413298325723,0.0011211494945135682,1.0,1.0,1.0,1.0,1.0,0.0,25,6,0.1,0.1,4815162342
0.5846087914675453,0.6684389315929198,0.6468236837512921,0.6634819970208685,0.6408383509581564,0.03343693439724331,1.0,1.0,1.0,1.0,1.0,0.0,75,8,0.1,0.001,4815162342
0.7272203555727906,0.725666194453202,0.7224684006466678,0.7195737184293406,0.7237321672755003,0.0029494796837628693,1.0,1.0,1.0,1.0,1.0,0.0,25,4,0.001,1.0E-4,4815162342
0.7552667875432358,0.7590840954774684,0.7570131498232197,0.7530249545947192,0.7560972468596607,0.0022298422220984543,1.0,1.0,1.0,1.0,1.0,0.0,25,4,0.1,0.1,4815162342
0.6782813676466733,0.6683278764982367,0.6865057546148291,0.5938303345471692,0.6567363333267271,0.03688473770825434,1.0,1.0,1.0,1.0,1.0,0.0,75,6,0.1,0.001,4815162342
0.7233246965297209,0.7270370135809078,0.7170535746288554,0.7152576215174575,0.7206682265642355,0.004742326336499451,1.0,1.0,1.0,1.0,1.0,0.0,25,6,0.001,1.0E-4,4815162342
0.7437019302605111,0.7370842908342152,0.7516576996561534,0.7538990755182371,0.7465857490672791,0.006667149803686539,1.0,1.0,1.0,1.0,1.0,0.0,25,2,0.1,0.1,4815162342
0.6832480996034276,0.6620277818661804,0.6109207493067473,0.681828391864486,0.6595062556602104,0.029278244656126936,1.0,1.0,1.0,1.0,1.0,0.0,75,4,0.1,0.001,4815162342
0.7275094018955537,0.7251578364421315,0.7211061741501559,0.7294947732773813,0.7258170464413056,0.003123164149978679,1.0,1.0,1.0,1.0,1.0,0.0,25,8,0.001,1.0E-4,4815162342
0.6549529751525013,0.7078731964318115,0.7296124994152781,0.7041054833832919,0.6991360385957206,0.027303804990619202,1.0,1.0,1.0,1.0,1.0,0.0,75,2,0.1,0.001,4815162342
0.6447319268264694,0.6128918656223826,0.6268194269376719,0.6022626686934068,0.6216764720199827,0.015906516359522744,1.0,1.0,1.0,1.0,1.0,0.0,50,10,0.1,0.001,4815162342
0.7173463655240394,0.716170760103331,0.7131407516346585,0.7171970111233305,0.7159637220963398,0.0016915031507597357,1.0,1.0,1.0,1.0,1.0,0.0,25,10,0.001,1.0E-4,4815162342
0.6110896941234754,0.6509027495719308,0.6452599565066143,0.6566505985815619,0.6409757496958957,0.017718471715995134,1.0,1.0,1.0,1.0,1.0,0.0,50,8,0.1,0.001,4815162342
0.6620458707784881,0.6760580034234377,0.661796946391247,0.5702104174645692,0.6425278095144356,0.04214953572684388,1.0,1.0,1.0,1.0,1.0,0.0,50,6,0.1,0.001,4815162342
0.10114595015286575,0.10285228839347083,0.10112400434020877,0.10572034763851368,0.10271064763126475,0.0018737710219710465,1.0,1.0,1.0,1.0,1.0,0.0,25,4,1.0E-4,0.01,4815162342
0.09777827749441881,0.1042146223123177,0.10129484953964343,0.10516385624490499,0.10211290139782123,0.002880266025386872,1.0,1.0,1.0,1.0,1.0,0.0,25,2,1.0E-4,0.01,4815162342
0.7014580344684637,0.7278197655211947,0.7285734891332213,0.6811250684823302,0.7097440894013025,0.019805197715285612,1.0,1.0,1.0,1.0,1.0,0.0,25,2,0.1,1.0E-4,4815162342
0.7162342224288236,0.717030205550465,0.7103154284793063,0.724295936868913,0.7169689483318771,0.004962299417857025,1.0,1.0,1.0,1.0,1.0,0.0,25,4,0.1,1.0E-4,4815162342
0.6931130919434326,0.6995273130346035,0.697051513856806,0.6586222602130299,0.6870785447619681,0.01658770504084141,1.0,1.0,1.0,1.0,1.0,0.0,25,6,0.1,1.0E-4,4815162342
0.6273362498144935,0.666263468082276,0.6616572814522784,0.6558910963828051,0.6527870239329632,0.01514656053673364,1.0,1.0,1.0,1.0,1.0,0.0,25,8,0.1,1.0E-4,4815162342
0.6435217425060876,0.6379285796793626,0.6286710002016144,0.5836232003781883,0.6234361306913132,0.02358991393876121,1.0,1.0,1.0,1.0,1.0,0.0,25,10,0.1,1.0E-4,4815162342
0.4056274901471398,0.3988682889947515,0.3759693483853007,0.38423849918121367,0.39117590667710145,0.011698162765561888,1.0,1.0,1.0,1.0,1.0,0.0,100,10,1.0E-4,0.1,4815162342
0.19485120673316747,0.2799631020904945,0.2655126506115407,0.22373822064768606,0.2410162950207222,0.033714508927165855,1.0,1.0,1.0,1.0,1.0,0.0,100,2,1.0E-4,0.1,4815162342
0.2754224422015843,0.28265554883676347,0.2882186759379439,0.25489816380780017,0.27529870769602294,0.01262186785013919,1.0,1.0,1.0,1.0,1.0,0.0,100,4,1.0E-4,0.1,4815162342
0.10131700521062514,0.104930794937003,0.09800917468763916,0.10462376822693353,0.10222018576555021,0.0028139367504493515,1.0,1.0,1.0,1.0,1.0,0.0,25,10,1.0E-4,0.01,4815162342
0.3599224325371592,0.34190989341911004,0.335830659256002,0.21135359268954002,0.31225414447545286,0.05892474550654031,1.0,1.0,1.0,1.0,1.0,0.0,100,6,1.0E-4,0.1,4815162342
0.10739698751553128,0.10472991127650788,0.10422708758488108,0.10789088656598267,0.10606121823572573,0.0016022155934554455,1.0,1.0,1.0,1.0,1.0,0.0,25,8,1.0E-4,0.01,4815162342
0.10150278347942676,0.10261054735142626,0.09807756218885333,0.10764668405287572,0.10245939426814551,0.0034295181562997612,1.0,1.0,1.0,1.0,1.0,0.0,25,6,1.0E-4,0.01,4815162342
0.4280774802835725,0.40802951608552745,0.39963101291836484,0.42675441488395716,0.41562310604285546,0.012169912953532556,1.0,1.0,1.0,1.0,1.0,0.0,100,8,1.0E-4,0.1,4815162342
0.2667679823088075,0.23465716726017238,0.2306198743818552,0.25425652449200553,0.24657538711071014,0.014691520710523489,1.0,1.0,1.0,1.0,1.0,0.0,75,8,1.0E-4,0.1,4815162342
0.8037003249869262,0.7986243078926046,0.7999674315706273,0.803398604870048,0.8014226673300515,0.0021817756656300766,1.0,1.0,1.0,1.0,1.0,0.0,50,4,0.01,0.001,4815162342
0.2395915671931728,0.2313649327196746,0.20459597280004815,0.2149369225358333,0.2226223488121822,0.013678479036622912,1.0,1.0,1.0,1.0,1.0,0.0,75,10,1.0E-4,0.1,4815162342
0.7933389357969663,0.793723528759299,0.7940512350021496,0.7956203996322637,0.7941835247976696,8.670404857493966E-4,1.0,1.0,1.0,1.0,1.0,0.0,50,6,0.01,0.001,4815162342
0.8081835129080431,0.8079476112967051,0.8066545436836614,0.8080400610719988,0.8077064322401021,6.130968589282214E-4,1.0,1.0,1.0,1.0,1.0,0.0,50,2,0.01,0.001,4815162342
0.8080947003886245,0.8080386325981513,0.8069890912112442,0.8088560709718998,0.80799462379248,6.642926905607246E-4,1.0,1.0,1.0,1.0,1.0,0.0,75,2,0.01,0.001,4815162342
0.13868029084485256,0.12672291706288596,0.12558999743563903,0.13384323282542607,0.1312091095422009,0.005349240585258171,1.0,1.0,1.0,1.0,1.0,0.0,50,8,1.0E-4,0.1,4815162342
0.12564527864446445,0.12570357541177446,0.11462934909509115,0.12241112173148393,0.1220973312207035,0.0045128192297201105,1.0,1.0,1.0,1.0,1.0,0.0,50,10,1.0E-4,0.1,4815162342
0.8025880207274684,0.798867560174552,0.7996374243174824,0.8025966283150187,0.8009224083836303,0.0016919561217131351,1.0,1.0,1.0,1.0,1.0,0.0,75,4,0.01,0.001,4815162342
0.11346635848150116,0.14498405015990357,0.13632787222492487,0.1261889597190612,0.1302418101463477,0.011749629434445389,1.0,1.0,1.0,1.0,1.0,0.0,75,2,1.0E-4,0.1,4815162342
0.7885817968402598,0.7883835618041338,0.7894150290878305,0.7899970524081292,0.7890943600350884,6.491604800728544E-4,1.0,1.0,1.0,1.0,1.0,0.0,50,8,0.01,0.001,4815162342
0.13895995125557903,0.1422460163415955,0.14376153987444554,0.13485239398832072,0.1399549753649852,0.003419254736231759,1.0,1.0,1.0,1.0,1.0,0.0,75,4,1.0E-4,0.1,4815162342
0.7801137203627585,0.7803514171398893,0.7795917593884345,0.7802801429327837,0.7800842599559664,2.971396246363078E-4,1.0,1.0,1.0,1.0,1.0,0.0,50,10,0.01,0.001,4815162342
0.19178102606564174,0.1711746687113946,0.17282107334502683,0.12607385590030928,0.16546265600559312,0.024139736800782373,1.0,1.0,1.0,1.0,1.0,0.0,75,6,1.0E-4,0.1,4815162342
0.0,0.0,0.0,0.0,0.0,0.0,0.0,0.0,0.0,0.0,0.0,0.0,25,10,1.0,1.0,4815162342
0.0,0.0,0.0,0.0,0.0,0.0,0.0,0.0,0.0,0.0,0.0,0.0,25,8,1.0,1.0,4815162342
0.0,0.0,0.0,0.0,0.0,0.0,0.0,0.0,0.0,0.0,0.0,0.0,25,6,1.0,1.0,4815162342
0.0,0.0,0.0,0.0,0.0,0.0,0.0,0.0,0.0,0.0,0.0,0.0,25,4,1.0,1.0,4815162342
0.0,0.0,0.0,0.0,0.0,0.0,0.0,0.0,0.0,0.0,0.0,0.0,25,2,1.0,1.0,4815162342
0.7933915304895556,0.7953816992717894,0.7934288712964758,0.7964356391053907,0.7946594350408028,0.0013036904903337748,1.0,1.0,1.0,1.0,1.0,0.0,100,10,0.001,0.1,4815162342
0.7964831988776624,0.7958219936498515,0.79701866317783,0.7984481787987141,0.7969430086260145,9.668712997933453E-4,1.0,1.0,1.0,1.0,1.0,0.0,100,8,0.001,0.1,4815162342
0.7964944996495879,0.797495592725292,0.7962108334949819,0.7996791259991499,0.797470012967253,0.001361799718024749,1.0,1.0,1.0,1.0,1.0,0.0,100,6,0.001,0.1,4815162342
0.7999312366046729,0.7989175444191013,0.7995678527431228,0.8001855435253497,0.7996505443230617,4.767439197314251E-4,1.0,1.0,1.0,1.0,1.0,0.0,100,4,0.001,0.1,4815162342
0.7195369322050756,0.7267887194501658,0.7206707940024538,0.7287767694055529,0.7239433037658121,0.003923780415296683,1.0,1.0,1.0,1.0,1.0,0.0,25,2,0.001,0.01,4815162342
0.7994772994376044,0.8001865305108646,0.8005592490436947,0.8028365256791654,0.8007649011678324,0.0012576119974624165,1.0,1.0,1.0,1.0,1.0,0.0,100,2,0.001,0.1,4815162342
0.7769870761442716,0.7774474874279115,0.7759521830552677,0.7769364881251195,0.7768308086881426,5.449457156617882E-4,1.0,1.0,1.0,1.0,1.0,0.0,75,10,0.01,0.001,4815162342
0.727703346263511,0.7253996349047489,0.7213218978073438,0.7297793035497064,0.7260510456313275,0.0031392347618830856,1.0,1.0,1.0,1.0,1.0,0.0,25,8,0.001,0.01,4815162342
0.09963164898478162,0.10924449738756982,0.10547291228318967,0.10777303044125211,0.10553052227419829,0.003661368563041134,1.0,1.0,1.0,1.0,1.0,0.0,50,2,1.0E-4,0.1,4815162342
0.7178963447544239,0.7167889903353992,0.7136612477538665,0.7178419899807139,0.7165471432061008,0.0017236484257890105,1.0,1.0,1.0,1.0,1.0,0.0,25,10,0.001,0.01,4815162342
0.10585787968093062,0.1076432815455748,0.10631671440025435,0.10881701435300362,0.10715872249494085,0.0011603769881323247,1.0,1.0,1.0,1.0,1.0,0.0,50,4,1.0E-4,0.1,4815162342
0.7268073170118455,0.7252568953295689,0.7220081276719523,0.7192482981625045,0.7233301595439677,0.0029245638756932825,1.0,1.0,1.0,1.0,1.0,0.0,25,4,0.001,0.01,4815162342
0.7909199012843372,0.7915011783640582,0.7929307746034858,0.7932465447546649,0.7921495997516366,9.677462354845518E-4,1.0,1.0,1.0,1.0,1.0,0.0,75,6,0.01,0.001,4815162342
0.7233303647601839,0.7270234558132683,0.7169730669392402,0.7151340754565065,0.7206152407422997,0.004789199351931323,1.0,1.0,1.0,1.0,1.0,0.0,25,6,0.001,0.01,4815162342
0.11418693896438377,0.11189106998441845,0.10863993083308808,0.10995906293119906,0.11116925067827234,0.002091021219719483,1.0,1.0,1.0,1.0,1.0,0.0,50,6,1.0E-4,0.1,4815162342
0.786032921424972,0.7847653195136692,0.7874329949609179,0.787148365066455,0.7863449002415036,0.0010514171271505033,1.0,1.0,1.0,1.0,1.0,0.0,75,8,0.01,0.001,4815162342
0.7196207748548918,0.7186408488271393,0.715140783368169,0.7203691864348327,0.7184428983712582,0.002002568762313617,1.0,1.0,1.0,1.0,1.0,0.0,25,10,0.001,0.1,4815162342
0.7268301422715009,0.7247496447977879,0.7204442334923771,0.729625565545221,0.7254123965267216,0.0033497268532417168,1.0,1.0,1.0,1.0,1.0,0.0,25,8,0.001,0.1,4815162342
0.721121010553649,0.7244524868366684,0.7140151124939099,0.7117720872272321,0.7178401742778648,0.005146341956888942,1.0,1.0,1.0,1.0,1.0,0.0,25,6,0.001,0.1,4815162342
0.7214426305352918,0.7198092452271917,0.7160740683679989,0.7143913989695689,0.7179293357750128,0.002821183865500336,1.0,1.0,1.0,1.0,1.0,0.0,25,4,0.001,0.1,4815162342
0.7109149645013497,0.7195230644134368,0.7125710402304898,0.7207356566324753,0.7159361814444379,0.004255510735894376,1.0,1.0,1.0,1.0,1.0,0.0,25,2,0.001,0.1,4815162342
0.8001952840485257,0.7981295358797524,0.7989291762048462,0.7985075562761209,0.7989403881023113,7.777715376416828E-4,1.0,1.0,1.0,1.0,1.0,0.0,100,4,0.001,1.0E-4,4815162342
0.10153341180651809,0.10266164336626038,0.0982844445999278,0.10775601022400183,0.10255887749917703,0.0034037885466009373,1.0,1.0,1.0,1.0,1.0,0.0,25,6,1.0E-4,0.1,4815162342
0.7925940575168299,0.7941132811839857,0.7925233232436755,0.7962482573448668,0.7938697298223394,0.0015130152797719594,1.0,1.0,1.0,1.0,1.0,0.0,100,6,0.001,1.0E-4,4815162342
0.1071455288489799,0.10462886149155637,0.10421922750107007,0.10785818697031392,0.10596295120298006,0.0015661079312526104,1.0,1.0,1.0,1.0,1.0,0.0,25,8,1.0E-4,0.1,4815162342
0.7909345548686351,0.790033623134222,0.7913364323302111,0.79116735322468,0.790867990889437,5.024080775290897E-4,1.0,1.0,1.0,1.0,1.0,0.0,100,8,0.001,1.0E-4,4815162342
0.1013386689050676,0.10487046167443545,0.09828561837400443,0.1049076759001155,0.10235060621340575,0.0027584606294842415,1.0,1.0,1.0,1.0,1.0,0.0,25,10,1.0E-4,0.1,4815162342
0.7842776592612427,0.7853972144364677,0.7828358214521719,0.7858962171874441,0.7846017280843316,0.0011760046141613954,1.0,1.0,1.0,1.0,1.0,0.0,100,10,0.001,1.0E-4,4815162342
0.09782972086824382,0.10415220817896231,0.10130900353503892,0.10522144601428898,0.1021280946491335,0.0028641222766920185,1.0,1.0,1.0,1.0,1.0,0.0,25,2,1.0E-4,0.1,4815162342
0.10118076271816501,0.10289846666401714,0.10119529985366582,0.10582967886117255,0.10277605202425513,0.001896269205447808,1.0,1.0,1.0,1.0,1.0,0.0,25,4,1.0E-4,0.1,4815162342
0.7908091009140451,0.790800418661816,0.7906915876190953,0.7918130672797975,0.7910285436186886,4.5530561633670415E-4,1.0,1.0,1.0,1.0,1.0,0.0,25,8,0.01,0.001,4815162342
0.7873102828319472,0.786816539630608,0.7861694923278283,0.7869934576794093,0.7868224431174482,4.164172043357794E-4,1.0,1.0,1.0,1.0,1.0,0.0,50,4,0.001,0.1,4815162342
0.7830602580149094,0.7831681832895724,0.7817013096267037,0.7831292418201035,0.7827647481878222,6.151916612887139E-4,1.0,1.0,1.0,1.0,1.0,0.0,25,10,0.01,0.001,4815162342
0.7873588352216152,0.7889889011952556,0.7887524298529239,0.7920353050936398,0.7892838678408587,0.0017062817175207197,1.0,1.0,1.0,1.0,1.0,0.0,50,2,0.001,0.1,4815162342
0.8028895579728946,0.7979825576766307,0.8001498905926934,0.8021869529420044,0.8008022397960557,0.0019137982133481059,1.0,1.0,1.0,1.0,1.0,0.0,25,4,0.01,0.001,4815162342
0.0,0.6207273427075217,0.6067907717070147,0.5847764747709192,0.4530736472963639,0.2618960101649695,0.0,1.0,1.0,1.0,0.75,0.4330127018922193,100,10,0.1,0.001,4815162342
0.7946980343154297,0.7945872713267936,0.7938502316757349,0.797496901677215,0.7951581097487933,0.0013890661113544233,1.0,1.0,1.0,1.0,1.0,0.0,25,6,0.01,0.001,4815162342
0.6201794263721386,0.6548931305029198,0.0,0.6677688171488502,0.4857103435059771,0.28096466649597884,1.0,1.0,0.0,1.0,0.75,0.4330127018922193,100,8,0.1,0.001,4815162342
0.6604920433033771,0.660639490856573,0.6383551802988917,0.5898747496938421,0.637340366038171,0.028865480943622436,1.0,1.0,1.0,1.0,1.0,0.0,100,6,0.1,0.001,4815162342
0.6672329936752945,0.6603843165509534,0.6361129882265618,0.6391037759600859,0.6507085186032239,0.013363933750231451,1.0,1.0,1.0,1.0,1.0,0.0,100,4,0.1,0.001,4815162342
0.6834965552445634,0.6951833215173856,0.7311598594775536,0.7109178952324001,0.7051894078679757,0.017874433860169854,1.0,1.0,1.0,1.0,1.0,0.0,100,2,0.1,0.001,4815162342
0.8015169996563489,0.8020684327059109,0.8020662518553688,0.8047561778862857,0.8026019655259786,0.0012638659183759244,1.0,1.0,1.0,1.0,1.0,0.0,100,2,0.001,1.0E-4,4815162342
0.10131311529819577,0.10493544214495953,0.09797585064717751,0.10459038226388508,0.10220369758855447,0.002820749839870497,1.0,1.0,1.0,1.0,1.0,0.0,25,10,1.0E-4,1.0E-4,4815162342
0.7890198166093335,0.7907009812164554,0.788895700447673,0.791794683918853,0.7901027955480787,0.001209362881458836,1.0,1.0,1.0,1.0,1.0,0.0,75,10,0.001,0.1,4815162342
0.7924282300369409,0.7919250721126636,0.7928149030021221,0.7943280943792179,0.7928740748827362,8.968079353646596E-4,1.0,1.0,1.0,1.0,1.0,0.0,75,8,0.001,0.1,4815162342
0.7929043065862743,0.7937662728909055,0.7923842568884845,0.7962403371796635,0.7938237933863319,0.0014799251515362568,1.0,1.0,1.0,1.0,1.0,0.0,75,6,0.001,0.1,4815162342
0.7965553195076269,0.7959664720782388,0.7961590511872347,0.7970657647488077,0.7964366518804771,4.207125497754043E-4,1.0,1.0,1.0,1.0,1.0,0.0,75,4,0.001,0.1,4815162342
0.10114132422241887,0.102846745120587,0.10111565383170451,0.10570720944533697,0.10270273315501183,0.00187112505318361,1.0,1.0,1.0,1.0,1.0,0.0,25,4,1.0E-4,1.0E-4,4815162342
0.8065420188942439,0.8052751949667692,0.80427609528004,0.8058162034862196,0.8054773781568182,8.264715808800326E-4,1.0,1.0,1.0,1.0,1.0,0.0,25,2,0.01,0.001,4815162342
0.7783390233953869,0.7792180579823733,0.7770975770257627,0.7803279063862903,0.7787456411974533,0.0011840813208398556,1.0,1.0,1.0,1.0,1.0,0.0,50,10,0.001,0.1,4815162342
0.09777255686304777,0.10422125059031295,0.10129331710526666,0.10515731457341591,0.10211110978301083,0.002882008160763104,1.0,1.0,1.0,1.0,1.0,0.0,25,2,1.0E-4,1.0E-4,4815162342
0.7965964635988276,0.7975281952900276,0.7977980445072073,0.800515009193682,0.7981094281474361,0.001458652914621657,1.0,1.0,1.0,1.0,1.0,0.0,75,2,0.001,0.1,4815162342
0.7823300667686596,0.7822440800841116,0.7817854203640665,0.7839652688626848,0.7825812090198806,8.2547404303023E-4,1.0,1.0,1.0,1.0,1.0,0.0,50,8,0.001,0.1,4815162342
0.10742514152395667,0.10474069208029346,0.10422663080141113,0.10789417376765421,0.10607165954332887,0.0016069440730711372,1.0,1.0,1.0,1.0,1.0,0.0,25,8,1.0E-4,1.0E-4,4815162342
0.7831613526065201,0.7839295904951641,0.7816638829626994,0.7857782843222668,0.7836332775966626,0.0014824037580320137,1.0,1.0,1.0,1.0,1.0,0.0,50,6,0.001,0.1,4815162342
0.10149867500360685,0.10260421457544858,0.09805286377846367,0.10763308596845232,0.10244720983149286,0.003432490253117849,1.0,1.0,1.0,1.0,1.0,0.0,25,6,1.0E-4,1.0E-4,4815162342
0.7962775840403864,0.7961641989629524,0.7955698710824783,0.7990117758948104,0.7967558574951569,0.0013299000820759005,1.0,1.0,1.0,1.0,1.0,0.0,25,6,0.01,0.01,4815162342
0.8035564563754809,0.7988720029011337,0.8009935041407482,0.8030400799660397,0.8016155108458507,0.0018513775216784645,1.0,1.0,1.0,1.0,1.0,0.0,25,4,0.01,0.01,4815162342
0.7866102217458548,0.7868550770785726,0.785429922740196,0.786775929143077,0.7864177876769252,5.771471507931065E-4,1.0,1.0,1.0,1.0,1.0,0.0,25,10,0.01,0.01,4815162342
0.6797063908486055,0.6729837547748535,0.6598163516829437,0.6569303314160271,0.6673592071806075,0.009350729903901952,1.0,1.0,1.0,1.0,1.0,0.0,100,8,0.1,0.01,4815162342
0.6305061993192475,0.6414448037671773,0.6463694167386981,0.6249846690790697,0.6358262722260482,0.008493664218456178,1.0,1.0,1.0,1.0,1.0,0.0,100,10,0.1,0.01,4815162342
0.7931273132080152,0.7930686136824627,0.793198758711503,0.7943546464433775,0.7934373330113396,5.316126059172126E-4,1.0,1.0,1.0,1.0,1.0,0.0,25,8,0.01,0.01,4815162342
0.7934920989011128,0.7949349556748702,0.7933714628331889,0.7971003013776458,0.7947247046967045,0.0015031837589609594,1.0,1.0,1.0,1.0,1.0,0.0,100,6,0.001,0.01,4815162342
0.7921499824304019,0.7912597019923049,0.7925718033898824,0.7926053930889394,0.7921467202253822,5.426528541108205E-4,1.0,1.0,1.0,1.0,1.0,0.0,100,8,0.001,0.01,4815162342
0.8065215838634668,0.8054828947473882,0.8044132632524319,0.8058974753517475,0.8055788043037587,7.678002865916568E-4,1.0,1.0,1.0,1.0,1.0,0.0,25,2,0.01,0.01,4815162342
0.8014699489351927,0.8020636762148284,0.8021010466640457,0.8047221518247716,0.8025892059097095,0.0012566498479004865,1.0,1.0,1.0,1.0,1.0,0.0,100,2,0.001,0.01,4815162342
0.8005007831279783,0.7985143398941181,0.7993574752410674,0.7990163499417445,0.7993472370512271,7.304069628058945E-4,1.0,1.0,1.0,1.0,1.0,0.0,100,4,0.001,0.01,4815162342
0.8060334341966086,0.8057039774902504,0.8078842903956706,0.806951148415774,0.806643212624576,8.49866291567667E-4,1.0,1.0,1.0,1.0,1.0,0.0,100,8,0.01,0.1,4815162342
0.7860242627842574,0.7873197143440529,0.7848507158956521,0.7878659189202808,0.7865151529860608,0.001170812923354744,1.0,1.0,1.0,1.0,1.0,0.0,100,10,0.001,0.01,4815162342
0.8057513390576377,0.8057369835718854,0.8060624683599216,0.806613091012386,0.8060409705004578,3.5499241665964173E-4,1.0,1.0,1.0,1.0,1.0,0.0,100,10,0.01,0.1,4815162342
0.0,0.0,0.0,0.0,0.0,0.0,0.0,0.0,0.0,0.0,0.0,0.0,100,2,1.0,1.0,4815162342
0.8046803109793884,0.7998987900806119,0.8012418261688775,0.8045902339179422,0.802602790286705,0.002087454482164713,1.0,1.0,1.0,1.0,1.0,0.0,50,4,0.01,0.01,4815162342
0.8082182770598901,0.8081873816090385,0.8068250934313178,0.8082466447867735,0.807869349221755,6.0326555819787E-4,1.0,1.0,1.0,1.0,1.0,0.0,50,2,0.01,0.01,4815162342
0.7904404488987613,0.7891351147433763,0.7919198016764939,0.7917616786092387,0.7908142609819676,0.0011268415984338903,1.0,1.0,1.0,1.0,1.0,0.0,75,8,0.01,0.01,4815162342
0.7938179394089092,0.7945018908617575,0.7959120815352252,0.7959821462563718,0.7950535145155659,9.260708311070739E-4,1.0,1.0,1.0,1.0,1.0,0.0,75,6,0.01,0.01,4815162342
0.7834059841610066,0.783928921760428,0.7826047193369277,0.7834649503630985,0.7833511439053652,4.7616600299391873E-4,1.0,1.0,1.0,1.0,1.0,0.0,75,10,0.01,0.01,4815162342
0.7920544211311628,0.7918939090114985,0.7932415242846885,0.7937522805557877,0.7927355337457844,7.845455831675767E-4,1.0,1.0,1.0,1.0,1.0,0.0,50,8,0.01,0.01,4815162342
0.0,0.0,0.0,0.0,0.0,0.0,0.0,0.0,0.0,0.0,0.0,0.0,100,10,1.0,1.0,4815162342
0.0,0.0,0.0,0.0,0.0,0.0,0.0,0.0,0.0,0.0,0.0,0.0,100,8,1.0,1.0,4815162342
0.795620869668367,0.7959875257368102,0.7965165875688406,0.7978178448644706,0.7964857069596221,8.324171251043135E-4,1.0,1.0,1.0,1.0,1.0,0.0,50,6,0.01,0.01,4815162342
0.0,0.0,0.0,0.0,0.0,0.0,0.0,0.0,0.0,0.0,0.0,0.0,100,6,1.0,1.0,4815162342
0.8039681631154694,0.8003934250488111,0.8011187167534525,0.8040934155675329,0.8023934301213164,0.001657908997840347,1.0,1.0,1.0,1.0,1.0,0.0,75,4,0.01,0.01,4815162342
0.7853329513472352,0.785621491159535,0.7848222269153262,0.7855469992240017,0.7853309171615246,3.122077075173534E-4,1.0,1.0,1.0,1.0,1.0,0.0,50,10,0.01,0.01,4815162342
0.0,0.0,0.0,0.0,0.0,0.0,0.0,0.0,0.0,0.0,0.0,0.0,100,4,1.0,1.0,4815162342
0.8081844550384295,0.8082510785437417,0.8071815597984923,0.809051826170499,0.8081672298877906,6.635856032265547E-4,1.0,1.0,1.0,1.0,1.0,0.0,75,2,0.01,0.01,4815162342
0.8057147955754675,0.8055877517824361,0.8077041414860687,0.8071151385588923,0.8065304568507162,9.046248510901455E-4,1.0,1.0,1.0,1.0,1.0,0.0,75,8,0.01,0.1,4815162342
0.6785415747979457,0.7100003844811622,0.7319349021680587,0.7171295857121298,0.7094016117898241,0.019494686250935592,1.0,1.0,1.0,1.0,1.0,0.0,50,2,0.1,0.01,4815162342
0.8052385460654592,0.8055075370695356,0.8056814848182758,0.8063909202515293,0.8057046220512,4.2650025375270354E-4,1.0,1.0,1.0,1.0,1.0,0.0,75,10,0.01,0.1,4815162342
0.7241611303996521,0.7199203198295402,0.7012519227166105,0.7162742865496396,0.7154019148738606,0.008633121543823497,1.0,1.0,1.0,1.0,1.0,0.0,50,4,0.1,0.01,4815162342
0.8074112657622631,0.8058103440859511,0.8062328697392159,0.8085218526223336,0.8069940830524409,0.0010593399974845033,1.0,1.0,1.0,1.0,1.0,0.0,75,4,0.01,0.1,4815162342
0.774075263091316,0.7747681353713869,0.7727994345942323,0.7740200775256533,0.7739157276456471,7.087047275523093E-4,1.0,1.0,1.0,1.0,1.0,0.0,100,10,0.01,0.001,4815162342
0.8044081362392895,0.8054163899433059,0.806209260241582,0.8068008803982514,0.8057086667056073,8.972638739887209E-4,1.0,1.0,1.0,1.0,1.0,0.0,75,6,0.01,0.1,4815162342
0.0,0.0,0.0,0.0,0.0,0.0,0.0,0.0,0.0,0.0,0.0,0.0,75,10,1.0,1.0,4815162342
0.0,0.0,0.0,0.0,0.0,0.0,0.0,0.0,0.0,0.0,0.0,0.0,75,8,1.0,1.0,4815162342
0.6452980327288415,0.6486207023407886,0.6412136221432251,0.6301848508280056,0.6413293020102152,0.006948516321523865,1.0,1.0,1.0,1.0,1.0,0.0,50,10,0.1,0.01,4815162342
0.6975201986158858,0.7199157781545428,0.73493379422607,0.7389336092666298,0.7228258450657821,0.016239663882707565,1.0,1.0,1.0,1.0,1.0,0.0,75,2,0.1,0.01,4815162342
0.0,0.0,0.0,0.0,0.0,0.0,0.0,0.0,0.0,0.0,0.0,0.0,75,6,1.0,1.0,4815162342
0.0,0.0,0.0,0.0,0.0,0.0,0.0,0.0,0.0,0.0,0.0,0.0,75,4,1.0,1.0,4815162342
0.7045492151912279,0.6948635329062937,0.6837780686506564,0.7024718013010757,0.6964156545123135,0.008138632887887971,1.0,1.0,1.0,1.0,1.0,0.0,50,6,0.1,0.01,4815162342
0.0,0.0,0.0,0.0,0.0,0.0,0.0,0.0,0.0,0.0,0.0,0.0,50,10,1.0,1.0,4815162342
0.659719729106791,0.6756332636079811,0.6509435758026055,0.6740450309223031,0.6650853998599201,0.010250780808317775,1.0,1.0,1.0,1.0,1.0,0.0,50,8,0.1,0.01,4815162342
0.0,0.0,0.0,0.0,0.0,0.0,0.0,0.0,0.0,0.0,0.0,0.0,75,2,1.0,1.0,4815162342
0.6701158380412127,0.6800434531453009,0.6101288716919915,0.6711591636643943,0.6578618316357249,0.027827322498987197,1.0,1.0,1.0,1.0,1.0,0.0,75,8,0.1,0.01,4815162342
0.7888283713901475,0.7878696811511245,0.787349990937054,0.787456968517142,0.787876252998867,5.829502239720726E-4,1.0,1.0,1.0,1.0,1.0,0.0,50,4,0.001,0.01,4815162342
0.8062883820828498,0.8068736315834925,0.8054892579130543,0.8072574380681112,0.8064771774118769,6.666354352783532E-4,1.0,1.0,1.0,1.0,1.0,0.0,50,2,0.01,0.1,4815162342
0.6431260202145365,0.6306554184133836,0.639806534240202,0.6575666208633046,0.6427886484328567,0.00967742947065012,1.0,1.0,1.0,1.0,1.0,0.0,75,10,0.1,0.01,4815162342
0.7815706823437992,0.7827312440836542,0.7802191544115185,0.784577610827587,0.7822746729166397,0.001599432657520443,1.0,1.0,1.0,1.0,1.0,0.0,50,6,0.001,0.01,4815162342
0.8069896789554721,0.8042486975004242,0.805486652198624,0.8079412022189594,0.80616655771837,0.0014113248213824632,1.0,1.0,1.0,1.0,1.0,0.0,50,4,0.01,0.1,4815162342
0.7188947425139806,0.7314909711343806,0.70289674699485,0.7190719129530063,0.7180885933990544,0.010149294555164699,1.0,1.0,1.0,1.0,1.0,0.0,75,4,0.1,0.01,4815162342
0.674697492482378,0.681843432803396,0.6723142020312465,0.7018832468654558,0.6826845935456191,0.011625775718692197,1.0,1.0,1.0,1.0,1.0,0.0,75,6,0.1,0.01,4815162342
0.7906260462417143,0.7919083586261043,0.7915124508852653,0.7952262037390493,0.7923182648730334,0.001741915013628926,1.0,1.0,1.0,1.0,1.0,0.0,50,2,0.001,0.01,4815162342
0.798826892671112,0.7995908926408777,0.7995667292000702,0.8027100105557282,0.800173631266947,0.001496231864314696,1.0,1.0,1.0,1.0,1.0,0.0,75,2,0.001,0.01,4815162342
0.8043197717780216,0.8046857264646294,0.8046474260021248,0.8055452739713015,0.8047995495540193,4.5342829962172757E-4,1.0,1.0,1.0,1.0,1.0,0.0,50,10,0.01,0.1,4815162342
0.7888151909704384,0.7894154163246372,0.791707428712198,0.790996723354836,0.7902336898405273,0.001165744075374409,1.0,1.0,1.0,1.0,1.0,0.0,100,6,0.01,0.001,4815162342
0.7973821173691977,0.7960206722548732,0.7963676925648705,0.7963765099184938,0.7965367480268588,5.087336061234753E-4,1.0,1.0,1.0,1.0,1.0,0.0,75,4,0.001,0.01,4815162342
0.8064621284217027,0.8071501183776412,0.8060025128700593,0.8080003216532026,0.8069037703306514,7.53396434365256E-4,1.0,1.0,1.0,1.0,1.0,0.0,75,2,0.01,0.1,4815162342
0.783240904059653,0.7813077461484147,0.7851844625465285,0.7838571931919531,0.7833975764866374,0.0013960790091155034,1.0,1.0,1.0,1.0,1.0,0.0,100,8,0.01,0.001,4815162342
0.8076589602410854,0.8076884443846339,0.8070114604776865,0.8089463952338655,0.8078263150843178,7.00996352476904E-4,1.0,1.0,1.0,1.0,1.0,0.0,100,2,0.01,0.001,4815162342
0.7800246832766524,0.7792571746813574,0.7785074199284003,0.7802858421066406,0.7795187799982627,6.956308176647729E-4,1.0,1.0,1.0,1.0,1.0,0.0,50,8,0.001,0.01,4815162342
0.8043364550125378,0.804932737668689,0.8050950812813049,0.8065833849781224,0.8052369147351636,8.271109725495581E-4,1.0,1.0,1.0,1.0,1.0,0.0,50,6,0.01,0.1,4815162342
0.8050549667690916,0.8050385551456648,0.8067775333771258,0.8068966250768653,0.8059419200921869,8.961676173700447E-4,1.0,1.0,1.0,1.0,1.0,0.0,50,8,0.01,0.1,4815162342
0.7730283987091011,0.7734134049284374,0.7709895454521616,0.773969103737411,0.7728501132067778,0.0011250483835366022,1.0,1.0,1.0,1.0,1.0,0.0,50,10,0.001,0.01,4815162342
0.8013343592846983,0.7986231891626819,0.7993344768101793,0.801608241325997,0.8002250666458891,0.0012750356937046362,1.0,1.0,1.0,1.0,1.0,0.0,100,4,0.01,0.001,4815162342
0.7825259490012529,0.7835604012944087,0.7812780557302353,0.784140800396756,0.7828763016056632,0.0010890461884782723,1.0,1.0,1.0,1.0,1.0,0.0,75,10,0.001,0.01,4815162342
0.7903682139228835,0.7917103886311874,0.7899491937587647,0.7940439034528491,0.7915179249414211,0.0015969003304574147,1.0,1.0,1.0,1.0,1.0,0.0,75,6,0.001,0.01,4815162342
0.7889915820997043,0.7881010441499794,0.7886854215646488,0.7893977703509825,0.7887939545413287,4.731686806214536E-4,1.0,1.0,1.0,1.0,1.0,0.0,75,8,0.001,0.01,4815162342
0.8075897568609691,0.8066273105817677,0.8066879529524792,0.8085538858096236,0.8073647265512099,7.852616121568405E-4,1.0,1.0,1.0,1.0,1.0,0.0,100,4,0.01,0.1,4815162342
0.804473330176625,0.8055072327588947,0.8067075712635547,0.8068117100546964,0.8058749610634428,9.579315824724295E-4,1.0,1.0,1.0,1.0,1.0,0.0,100,6,0.01,0.1,4815162342
0.806407474612216,0.8070800233104398,0.8062009438022176,0.808226301817879,0.8069786858856881,7.902499375600405E-4,1.0,1.0,1.0,1.0,1.0,0.0,100,2,0.01,0.1,4815162342
0.0,0.0,0.0,0.0,0.0,0.0,0.0,0.0,0.0,0.0,0.0,0.0,50,8,1.0,1.0,4815162342
0.0,0.0,0.0,0.0,0.0,0.0,0.0,0.0,0.0,0.0,0.0,0.0,50,6,1.0,1.0,4815162342
0.0,0.0,0.0,0.0,0.0,0.0,0.0,0.0,0.0,0.0,0.0,0.0,50,4,1.0,1.0,4815162342
0.0,0.0,0.0,0.0,0.0,0.0,0.0,0.0,0.0,0.0,0.0,0.0,50,2,1.0,1.0,4815162342
0.7146683552353114,0.7211995113553535,0.6848405771538743,0.7199342772681087,0.710160680253162,0.014822328978744718,1.0,1.0,1.0,1.0,1.0,0.0,100,4,0.1,0.01,4815162342
0.6842364432605136,0.6981256443105465,0.6806027478068464,0.6810125642786338,0.685994349914135,0.0071439852487364544,1.0,1.0,1.0,1.0,1.0,0.0,100,6,0.1,0.01,4815162342
0.7050133417039423,0.7172195997268898,0.7314618285404738,0.7292143703757475,0.7207272850867634,0.010565189457417086,1.0,1.0,1.0,1.0,1.0,0.0,100,2,0.1,0.01,4815162342
0.8076380512063687,0.807657659127376,0.8069821323166884,0.8089163700900946,0.8077985531851319,7.002980951260055E-4,1.0,1.0,1.0,1.0,1.0,0.0,100,2,0.01,1.0E-4,4815162342
0.7731264799577507,0.7737796773677175,0.771828550630774,0.7730891254281413,0.7729559583460959,7.064651928669764E-4,1.0,1.0,1.0,1.0,1.0,0.0,100,10,0.01,1.0E-4,4815162342
0.7825868363824616,0.7806854707819165,0.7845296800776211,0.7831728498768507,0.7827437092797125,0.0013815578311091278,1.0,1.0,1.0,1.0,1.0,0.0,100,8,0.01,1.0E-4,4815162342
0.788398173361525,0.7889990542725667,0.7913002780817232,0.7906392534324694,0.789834189787071,0.0011786790130144512,1.0,1.0,1.0,1.0,1.0,0.0,100,6,0.01,1.0E-4,4815162342
0.8011218816827788,0.7984007486335334,0.7991382094608134,0.8014171585548989,0.8000194995830061,0.0012811834189046625,1.0,1.0,1.0,1.0,1.0,0.0,100,4,0.01,1.0E-4,4815162342
0.7572046720914124,0.7546753228476838,0.7560790811974282,0.7515496730277539,0.7548771872910696,0.002119836956232815,1.0,1.0,1.0,1.0,1.0,0.0,100,10,0.1,0.1,4815162342
0.7583809973137466,0.7544160778866962,0.7558119865203192,0.7537469241412114,0.7555889964654934,0.0017758069814574138,1.0,1.0,1.0,1.0,1.0,0.0,100,8,0.1,0.1,4815162342
0.7571542992182632,0.7576323694960525,0.7537068390036388,0.7572802451417363,0.7564434382149227,0.001589662073624628,1.0,1.0,1.0,1.0,1.0,0.0,100,6,0.1,0.1,4815162342
0.7572210419081051,0.7559928315987574,0.7539735867699852,0.756158505929932,0.7558364915516949,0.0011742582110911134,1.0,1.0,1.0,1.0,1.0,0.0,100,4,0.1,0.1,4815162342
0.7380305779869057,0.7576179122691673,0.751073269033664,0.7565125349132173,0.7508085735507386,0.007782183230542634,1.0,1.0,1.0,1.0,1.0,0.0,100,2,0.1,0.1,4815162342
0.710714110604611,0.7148996635306392,0.7156212619365693,0.7056949840972567,0.711732505042269,0.003957338419491621,1.0,1.0,1.0,1.0,1.0,0.0,25,6,0.1,0.01,4815162342
0.6433242255186568,0.6718465060783609,0.665126055188243,0.6880556561340117,0.6670881107298181,0.016053443468983773,1.0,1.0,1.0,1.0,1.0,0.0,25,8,0.1,0.01,4815162342
0.7762155369145889,0.7766500576837213,0.7751426779762377,0.7761383827401571,0.7760366638286762,5.517710221604775E-4,1.0,1.0,1.0,1.0,1.0,0.0,75,10,0.01,1.0E-4,4815162342
0.7045757382622281,0.7215612049636435,0.7311751131668673,0.6975256899688644,0.7137094365904009,0.01334202219231535,1.0,1.0,1.0,1.0,1.0,0.0,25,2,0.1,0.01,4815162342
0.7338927425622249,0.7221180630898014,0.7255742800999381,0.7303844888828486,0.7279923936587034,0.004496978695760262,1.0,1.0,1.0,1.0,1.0,0.0,25,4,0.1,0.01,4815162342
0.7854993500900528,0.7842601287859031,0.7868900385575353,0.786598819003092,0.7858120841091458,0.0010352904759286833,1.0,1.0,1.0,1.0,1.0,0.0,75,8,0.01,1.0E-4,4815162342
0.6468304523319784,0.6612305633479013,0.6671180842019168,0.6589652795655522,0.6585360948618372,0.007384391782712589,1.0,1.0,1.0,1.0,1.0,0.0,25,10,0.1,0.01,4815162342
0.8019064413215012,0.8022541014615798,0.8015846501089192,0.8044718831864656,0.8025542690196165,0.0011321645434989819,1.0,1.0,1.0,1.0,1.0,0.0,25,6,0.01,0.1,4815162342
0.7881801714233662,0.7879865739090178,0.7889733031017148,0.7895688289983712,0.7886772193581175,6.337746286375376E-4,1.0,1.0,1.0,1.0,1.0,0.0,50,8,0.01,1.0E-4,4815162342
0.802039951491446,0.8019801058290738,0.8029008655153993,0.8042868124366762,0.8028019338181489,9.314867554500244E-4,1.0,1.0,1.0,1.0,1.0,0.0,25,8,0.01,0.1,4815162342
0.7930816245276492,0.7934619882084909,0.7937633549663434,0.7953783010750373,0.7939213171943802,8.751886919146055E-4,1.0,1.0,1.0,1.0,1.0,0.0,50,6,0.01,1.0E-4,4815162342
0.8041974762767342,0.8042022739935281,0.8029770604989777,0.804301101860504,0.8039194781574359,5.45674842044638E-4,1.0,1.0,1.0,1.0,1.0,0.0,25,2,0.01,0.1,4815162342
0.8035913584845469,0.7984788873268536,0.7998199868245912,0.8032591731564653,0.8012873514481142,0.002193009287043211,1.0,1.0,1.0,1.0,1.0,0.0,50,4,0.01,1.0E-4,4815162342
0.8044196123716991,0.8015276836199781,0.8033513594203391,0.8050296828031765,0.8035820845537982,0.0013295479327060696,1.0,1.0,1.0,1.0,1.0,0.0,25,4,0.01,0.1,4815162342
0.8081776210630299,0.8079141187718804,0.8066321121414186,0.8080133665154879,0.8076843046229543,6.147288834139705E-4,1.0,1.0,1.0,1.0,1.0,0.0,50,2,0.01,1.0E-4,4815162342
0.790582216339974,0.7911448793667962,0.7925817635295204,0.7929353372706993,0.7918110491267475,9.761962774200539E-4,1.0,1.0,1.0,1.0,1.0,0.0,75,6,0.01,1.0E-4,4815162342
0.8024290024692989,0.7986865589477311,0.7994653911923356,0.8024289923562266,0.800752486241398,0.001698973856737607,1.0,1.0,1.0,1.0,1.0,0.0,75,4,0.01,1.0E-4,4815162342
0.8080801874409836,0.8080119238822783,0.8069615942061957,0.8088301206918903,0.8079709565553369,6.653166677716777E-4,1.0,1.0,1.0,1.0,1.0,0.0,75,2,0.01,1.0E-4,4815162342
0.8005178265181753,0.8014237856301002,0.8006005619825303,0.8024236906588255,0.8012414661974078,7.689778362734364E-4,1.0,1.0,1.0,1.0,1.0,0.0,25,10,0.01,0.1,4815162342
0.7794960654889521,0.7797364885993617,0.7789817241654532,0.7796693241808019,0.7794709006086422,2.957345763413218E-4,1.0,1.0,1.0,1.0,1.0,0.0,50,10,0.01,1.0E-4,4815162342
0.7812013540301209,0.7820780385130316,0.7797932729914154,0.7826477152408448,0.7814300951938532,0.0010763292440144016,1.0,1.0,1.0,1.0,1.0,0.0,75,10,0.001,0.001,4815162342
0.7881124471597356,0.7871755615255721,0.7877460013530648,0.7883468313514701,0.7878452103474607,4.4195902375787925E-4,1.0,1.0,1.0,1.0,1.0,0.0,75,8,0.001,0.001,4815162342
0.7897307964430963,0.7911176512794211,0.7893081211419842,0.7934189253947878,0.7908938735648223,0.0016041603993352898,1.0,1.0,1.0,1.0,1.0,0.0,75,6,0.001,0.001,4815162342
0.7972104786821165,0.7957770760666435,0.7960799959793047,0.7960465683631336,0.7962785297727996,5.507282341882273E-4,1.0,1.0,1.0,1.0,1.0,0.0,75,4,0.001,0.001,4815162342
0.7989074187936145,0.7996410466667886,0.799577884776706,0.8027874824174251,0.8002284581636335,0.0015051617975352374,1.0,1.0,1.0,1.0,1.0,0.0,75,2,0.001,0.001,4815162342
0.7719962751282248,0.7722562043056338,0.7698432319867157,0.7727768157910918,0.7717181318029165,0.0011183634064116507,1.0,1.0,1.0,1.0,1.0,0.0,50,10,0.001,0.001,4815162342
0.7793863438317481,0.778549424955186,0.7777856956701935,0.7795095120622466,0.7788077441298435,6.961622827800438E-4,1.0,1.0,1.0,1.0,1.0,0.0,50,8,0.001,0.001,4815162342
0.7563440900739176,0.755026957874819,0.7541409272185233,0.7552252872434893,0.7551843156026873,7.842474536451527E-4,1.0,1.0,1.0,1.0,1.0,0.0,25,10,0.1,0.1,4815162342
0.7392194955848465,0.7531057310019019,0.755027842149283,0.7566077210859505,0.7509901974554956,0.006908039720602054,1.0,1.0,1.0,1.0,1.0,0.0,50,2,0.1,0.1,4815162342
0.7826647160620815,0.7827620137311945,0.7812875542295231,0.7827274639925706,0.7823604370038424,6.204103221094221E-4,1.0,1.0,1.0,1.0,1.0,0.0,25,10,0.01,1.0E-4,4815162342
0.7905513880802107,0.7905499499974319,0.7904119609139121,0.791528313210225,0.7907604030504449,4.469551659030006E-4,1.0,1.0,1.0,1.0,1.0,0.0,25,8,0.01,1.0E-4,4815162342
0.7945232256109745,0.7944135981016806,0.7936591865552054,0.7973312514206089,0.7949818154221174,0.001396636331398151,1.0,1.0,1.0,1.0,1.0,0.0,25,6,0.01,1.0E-4,4815162342
0.68166404611689,0.7074491970605666,0.7287776168151245,0.6958403789099856,0.7034328097256417,0.01724829475898618,1.0,1.0,1.0,1.0,1.0,0.0,100,2,0.1,1.0E-4,4815162342
0.7545561534813591,0.7548333518324981,0.7563734634448241,0.7520557354270313,0.7544546760464281,0.0015484148504512016,1.0,1.0,1.0,1.0,1.0,0.0,75,10,0.1,0.1,4815162342
0.6512333832074493,0.6885003541625483,0.6863181724966951,0.6552346339997527,0.6703216359666114,0.017163434955969982,1.0,1.0,1.0,1.0,1.0,0.0,100,4,0.1,1.0E-4,4815162342
0.7580916084945302,0.7558434567894218,0.7557522142348654,0.7540732571981841,0.7559401341792503,0.001428174693003765,1.0,1.0,1.0,1.0,1.0,0.0,75,8,0.1,0.1,4815162342
0.6548799975973791,0.6401899115320677,0.6559165608050541,0.6182130785291675,0.6422998871159171,0.015234002485733858,1.0,1.0,1.0,1.0,1.0,0.0,100,6,0.1,1.0E-4,4815162342
0.7558323630774637,0.7557270067341489,0.7553933574458005,0.7582236545909079,0.7562940954620803,0.0011257568371948873,1.0,1.0,1.0,1.0,1.0,0.0,75,6,0.1,0.1,4815162342
0.5811127496374149,0.6259207918550626,0.6103082301708318,0.5927929416344282,0.6025336783244344,0.01703774392917986,1.0,1.0,1.0,1.0,1.0,0.0,100,8,0.1,1.0E-4,4815162342
0.7575923732140951,0.7558489013744064,0.7541057810244768,0.7550375233943339,0.755646144751828,0.001281801061463446,1.0,1.0,1.0,1.0,1.0,0.0,75,4,0.1,0.1,4815162342
0.753719764007836,0.7524615942960015,0.7561451205097085,0.7544275788661702,0.7541885144199291,0.001331112247641243,1.0,1.0,1.0,1.0,1.0,0.0,50,10,0.1,0.1,4815162342
0.8028134035314543,0.7978838175288175,0.800056567079224,0.8020910059215722,0.8007111985152671,0.0019200104145661052,1.0,1.0,1.0,1.0,1.0,0.0,25,4,0.01,1.0E-4,4815162342
0.6153380236270803,0.5803844116960942,0.6209449052321288,0.5688403669449132,0.5963769268750542,0.022232473013190018,1.0,1.0,1.0,1.0,1.0,0.0,100,10,0.1,1.0E-4,4815162342
0.7393306683800421,0.7554892154295764,0.7522589856760837,0.7571905540693776,0.7510673558887699,0.007003859881971494,1.0,1.0,1.0,1.0,1.0,0.0,75,2,0.1,0.1,4815162342
0.7572027993295006,0.7564830565689471,0.7560602905265298,0.7542796081774189,0.7560064386505991,0.001077414384273422,1.0,1.0,1.0,1.0,1.0,0.0,50,8,0.1,0.1,4815162342
0.8065404014243012,0.8052488484584213,0.804258088563478,0.8058057565089161,0.8054632737387792,8.330588224100436E-4,1.0,1.0,1.0,1.0,1.0,0.0,25,2,0.01,1.0E-4,4815162342
0.7545605904523263,0.7568374883392447,0.7569466255866434,0.7541803895483717,0.7556312734816465,0.001268516040489787,1.0,1.0,1.0,1.0,1.0,0.0,50,6,0.1,0.1,4815162342
0.7560133184224872,0.756517219142697,0.7550695053706128,0.7542555650315914,0.7554639019918471,8.699083772002686E-4,1.0,1.0,1.0,1.0,1.0,0.0,50,4,0.1,0.1,4815162342
0.7844474484114154,0.7855826181758706,0.7830303434641386,0.7860871601627268,0.7847868925535378,0.0011752193572513946,1.0,1.0,1.0,1.0,1.0,0.0,100,10,0.001,0.001,4815162342
0.7910531091538169,0.7901553841723752,0.7914567968168443,0.7913067502558138,0.7909930100997125,5.046682313635126E-4,1.0,1.0,1.0,1.0,1.0,0.0,100,8,0.001,0.001,4815162342
0.7926813613260616,0.7941930188666497,0.7926059544049043,0.7963310098409927,0.7939528361096522,0.0015119636656586869,1.0,1.0,1.0,1.0,1.0,0.0,100,6,0.001,0.001,4815162342
0.8002264522514055,0.7981683670442682,0.7989722219244553,0.7985581576969485,0.7989812997292693,7.730452670740215E-4,1.0,1.0,1.0,1.0,1.0,0.0,100,4,0.001,0.001,4815162342
0.8015139541754313,0.8020697458996475,0.8020724720227392,0.804754049957335,0.8026025555137883,0.0012628198413559188,1.0,1.0,1.0,1.0,1.0,0.0,100,2,0.001,0.001,4815162342
0.7173991482181423,0.7162305243693693,0.7131913788546158,0.7172591480208931,0.7160200498657552,0.0016943255080971685,1.0,1.0,1.0,1.0,1.0,0.0,25,10,0.001,0.001,4815162342
0.7275295566253335,0.7251830890357471,0.7211286753115974,0.7295235914624878,0.7258412281087915,0.0031245621274917784,1.0,1.0,1.0,1.0,1.0,0.0,25,8,0.001,0.001,4815162342
0.7233278517182065,0.727037902138497,0.7170485644378939,0.715248445819396,0.7206656910284983,0.004746638926551542,1.0,1.0,1.0,1.0,1.0,0.0,25,6,0.001,0.001,4815162342
0.0,0.0,0.0,0.0,0.0,0.0,0.0,0.0,0.0,0.0,0.0,0.0,50,2,1.0,1.0E-4,4815162342
0.7271844526280674,0.7256310143195784,0.722428110179795,0.7195464367463799,0.7236975034684552,0.002947032104743196,1.0,1.0,1.0,1.0,1.0,0.0,25,4,0.001,0.001,4815162342
0.0,0.0,0.0,0.0,0.0,0.0,0.0,0.0,0.0,0.0,0.0,0.0,50,4,1.0,1.0E-4,4815162342
0.7203027004508331,0.7273831781114989,0.7213713723407219,0.7294522720459968,0.7246273807372627,0.0038787383762997622,1.0,1.0,1.0,1.0,1.0,0.0,25,2,0.001,0.001,4815162342
0.0,0.0,0.0,0.0,0.0,0.0,0.0,0.0,0.0,0.0,0.0,0.0,50,6,1.0,1.0E-4,4815162342
0.0,0.0,0.0,0.0,0.0,0.0,0.0,0.0,0.0,0.0,0.0,0.0,50,8,1.0,1.0E-4,4815162342
0.0,0.0,0.0,0.0,0.0,0.0,0.0,0.0,0.0,0.0,0.0,0.0,50,10,1.0,1.0E-4,4815162342
0.0,0.0,0.0,0.0,0.0,0.0,0.0,0.0,0.0,0.0,0.0,0.0,75,2,1.0,1.0E-4,4815162342
0.0,0.0,0.0,0.0,0.0,0.0,0.0,0.0,0.0,0.0,0.0,0.0,75,4,1.0,1.0E-4,4815162342
0.0,0.0,0.0,0.0,0.0,0.0,0.0,0.0,0.0,0.0,0.0,0.0,75,6,1.0,1.0E-4,4815162342
0.0,0.0,0.0,0.0,0.0,0.0,0.0,0.0,0.0,0.0,0.0,0.0,75,8,1.0,1.0E-4,4815162342
0.0,0.0,0.0,0.0,0.0,0.0,0.0,0.0,0.0,0.0,0.0,0.0,75,10,1.0,1.0E-4,4815162342
0.169534567060975,0.153684654056211,0.15357262351961246,0.12283700793977613,0.14990721314414365,0.016924341380448724,1.0,1.0,1.0,1.0,1.0,0.0,100,6,1.0E-4,1.0,4815162342
0.21792751110805483,0.20283965672846452,0.19477861580882394,0.22300894731573406,0.20963868274026934,0.011341483527792651,1.0,1.0,1.0,1.0,1.0,0.0,100,8,1.0E-4,1.0,4815162342
0.21022438116326916,0.1987994196516607,0.1775007324966227,0.19745663672916225,0.1959952925101787,0.011774064399608196,1.0,1.0,1.0,1.0,1.0,0.0,100,10,1.0E-4,1.0,4815162342
0.781099000737172,0.782303635516253,0.7797518289922865,0.784116364286226,0.7818177073829844,0.0016050188844223816,1.0,1.0,1.0,1.0,1.0,0.0,50,6,0.001,0.001,4815162342
0.7887762457040648,0.7877608707545936,0.7872314512355355,0.7872785632533582,0.787761782736888,6.212665519071577E-4,1.0,1.0,1.0,1.0,1.0,0.0,50,4,0.001,0.001,4815162342
0.7908200310269121,0.7920460229876234,0.791631089120712,0.7954172802484664,0.7924786058459284,0.0017530038650290822,1.0,1.0,1.0,1.0,1.0,0.0,50,2,0.001,0.001,4815162342
0.10838600698103495,0.12858401451837287,0.12490564833206208,0.11581585485453283,0.11942288117150068,0.0078868613954407,1.0,1.0,1.0,1.0,1.0,0.0,100,2,1.0E-4,1.0,4815162342
0.12525678083242053,0.1263065337776763,0.12361020743436747,0.12484989261675183,0.12500585366530403,9.65257148187829E-4,1.0,1.0,1.0,1.0,1.0,0.0,100,4,1.0E-4,1.0,4815162342
0.0,0.0,0.0,0.0,0.0,0.0,0.0,0.0,0.0,0.0,0.0,0.0,25,10,1.0,0.001,4815162342
0.0,0.0,0.0,0.0,0.0,0.0,0.0,0.0,0.0,0.0,0.0,0.0,25,8,1.0,0.001,4815162342
0.0,0.0,0.0,0.0,0.0,0.0,0.0,0.0,0.0,0.0,0.0,0.0,25,6,1.0,0.001,4815162342
0.0,0.0,0.0,0.0,0.0,0.0,0.0,0.0,0.0,0.0,0.0,0.0,25,4,1.0,0.001,4815162342
0.0,0.0,0.0,0.0,0.0,0.0,0.0,0.0,0.0,0.0,0.0,0.0,25,2,1.0,0.001,4815162342
0.0,0.0,0.0,0.0,0.0,0.0,0.0,0.0,0.0,0.0,0.0,0.0,25,10,1.0,0.1,4815162342
0.662729777704665,0.6598803617467033,0.6691327837484455,0.6696197629341214,0.6653406715334838,0.004163006360157518,1.0,1.0,1.0,1.0,1.0,0.0,25,10,0.1,1.0,4815162342
0.6627126613925383,0.6599820006947347,0.6691840021826319,0.6696812902618328,0.6653899886329344,0.004160054782612681,1.0,1.0,1.0,1.0,1.0,0.0,25,8,0.1,1.0,4815162342
0.0,0.0,0.0,0.0,0.0,0.0,0.0,0.0,0.0,0.0,0.0,0.0,25,8,1.0,0.1,4815162342
0.0,0.0,0.0,0.0,0.0,0.0,0.0,0.0,0.0,0.0,0.0,0.0,25,6,1.0,0.1,4815162342
0.6627534895332959,0.6599181165647849,0.6689392365405288,0.6697440229794657,0.6653387164045188,0.004136326022791813,1.0,1.0,1.0,1.0,1.0,0.0,25,6,0.1,1.0,4815162342
0.0,0.0,0.0,0.0,0.0,0.0,0.0,0.0,0.0,0.0,0.0,0.0,75,10,1.0,0.001,4815162342
0.0,0.0,0.0,0.0,0.0,0.0,0.0,0.0,0.0,0.0,0.0,0.0,25,4,1.0,0.1,4815162342
0.6627227440826498,0.6598593564762951,0.6690225635899184,0.6695667497177695,0.6652928534666582,0.004132350377172355,1.0,1.0,1.0,1.0,1.0,0.0,25,4,0.1,1.0,4815162342
0.0,0.0,0.0,0.0,0.0,0.0,0.0,0.0,0.0,0.0,0.0,0.0,75,8,1.0,0.001,4815162342
0.6625761202354981,0.6593458985037817,0.6688163447192655,0.6694228380111992,0.6650403003674361,0.004241566439813617,1.0,1.0,1.0,1.0,1.0,0.0,25,2,0.1,1.0,4815162342
0.0,0.0,0.0,0.0,0.0,0.0,0.0,0.0,0.0,0.0,0.0,0.0,25,2,1.0,0.1,4815162342
0.0,0.0,0.0,0.0,0.0,0.0,0.0,0.0,0.0,0.0,0.0,0.0,75,6,1.0,0.001,4815162342
0.0,0.0,0.0,0.0,0.0,0.0,0.0,0.0,0.0,0.0,0.0,0.0,75,4,1.0,0.001,4815162342
0.0,0.0,0.0,0.0,0.0,0.0,0.0,0.0,0.0,0.0,0.0,0.0,75,2,1.0,0.001,4815162342
0.0,0.0,0.0,0.0,0.0,0.0,0.0,0.0,0.0,0.0,0.0,0.0,50,10,1.0,0.001,4815162342
0.0,0.0,0.0,0.0,0.0,0.0,0.0,0.0,0.0,0.0,0.0,0.0,50,8,1.0,0.001,4815162342
0.0,0.0,0.0,0.0,0.0,0.0,0.0,0.0,0.0,0.0,0.0,0.0,50,6,1.0,0.001,4815162342
0.0,0.0,0.0,0.0,0.0,0.0,0.0,0.0,0.0,0.0,0.0,0.0,25,2,1.0,1.0E-4,4815162342
0.0,0.0,0.0,0.0,0.0,0.0,0.0,0.0,0.0,0.0,0.0,0.0,50,4,1.0,0.001,4815162342
0.0,0.0,0.0,0.0,0.0,0.0,0.0,0.0,0.0,0.0,0.0,0.0,25,4,1.0,1.0E-4,4815162342
0.0,0.0,0.0,0.0,0.0,0.0,0.0,0.0,0.0,0.0,0.0,0.0,50,2,1.0,0.001,4815162342
0.0,0.0,0.0,0.0,0.0,0.0,0.0,0.0,0.0,0.0,0.0,0.0,25,6,1.0,1.0E-4,4815162342
0.0,0.0,0.0,0.0,0.0,0.0,0.0,0.0,0.0,0.0,0.0,0.0,25,8,1.0,1.0E-4,4815162342
0.0,0.0,0.0,0.0,0.0,0.0,0.0,0.0,0.0,0.0,0.0,0.0,25,10,1.0,1.0E-4,4815162342
0.0,0.0,0.0,0.0,0.0,0.0,0.0,0.0,0.0,0.0,0.0,0.0,100,2,1.0,0.001,4815162342
0.10485328776629309,0.103483900646663,0.10366361315896046,0.1071686472974205,0.10479236221733426,0.0014694036905373914,1.0,1.0,1.0,1.0,1.0,0.0,25,8,1.0E-4,1.0,4815162342
0.10096149913738149,0.10388935669770694,0.09975514100133542,0.10627644418839512,0.10272061025620474,0.0025445236797769877,1.0,1.0,1.0,1.0,1.0,0.0,25,10,1.0E-4,1.0,4815162342
0.09826979460690502,0.10362625969692663,0.10144265925097253,0.10566359808669432,0.10225057791037462,0.002740464165575271,1.0,1.0,1.0,1.0,1.0,0.0,25,2,1.0E-4,1.0,4815162342
0.10128071944513418,0.10300416106421705,0.10167537868673449,0.10641639894586906,0.1030941645354887,0.002021563657340055,1.0,1.0,1.0,1.0,1.0,0.0,25,4,1.0E-4,1.0,4815162342
0.10152580157341873,0.10272063928285291,0.09956724163166705,0.10817317092393243,0.10299671335296778,0.003193618152918589,1.0,1.0,1.0,1.0,1.0,0.0,25,6,1.0E-4,1.0,4815162342
0.5939620733601076,0.5891540948468325,0.5842615679683684,0.5930399789873744,0.5901044287906707,0.003825605630977923,1.0,1.0,1.0,1.0,1.0,0.0,25,10,0.001,1.0,4815162342
0.5917083056494234,0.592011070769412,0.5851741163488444,0.6005601820625824,0.5923634187075656,0.005464117497174871,1.0,1.0,1.0,1.0,1.0,0.0,25,8,0.001,1.0,4815162342
0.5816942965953641,0.5820734418936343,0.5683588218485147,0.5607689472908799,0.5732238769070983,0.009067205228380584,1.0,1.0,1.0,1.0,1.0,0.0,25,6,0.001,1.0,4815162342
0.5638300243697982,0.5579914746140365,0.5493600989272095,0.5490693434490135,0.5550627353400145,0.006202493028668626,1.0,1.0,1.0,1.0,1.0,0.0,25,4,0.001,1.0,4815162342
0.525240646148675,0.5533480057523966,0.541493509995411,0.5379696558873003,0.5395129544459457,0.010017631949593988,1.0,1.0,1.0,1.0,1.0,0.0,25,2,0.001,1.0,4815162342
0.6905182901112565,0.6908158583887458,0.689736307455648,0.6935717100598865,0.6911605415038842,0.0014468474116854245,1.0,1.0,1.0,1.0,1.0,0.0,75,10,0.001,1.0,4815162342
0.690499026462838,0.6911186203100871,0.6903092321439485,0.693851812004069,0.6914446727302356,0.001421627751236842,1.0,1.0,1.0,1.0,1.0,0.0,75,8,0.001,1.0,4815162342
0.6905859856388741,0.6906046500925407,0.6899444481478806,0.6932542961814439,0.6910973450151848,0.0012733662296062296,1.0,1.0,1.0,1.0,1.0,0.0,75,6,0.001,1.0,4815162342
0.6904466181446849,0.6906747276951066,0.6894030318757843,0.6932984516254523,0.690955707335257,0.0014350412236089178,1.0,1.0,1.0,1.0,1.0,0.0,75,4,0.001,1.0,4815162342
0.6893511372843689,0.6903954938497933,0.6891332278064556,0.6932951359561721,0.6905437487241974,0.0016586140685716285,1.0,1.0,1.0,1.0,1.0,0.0,75,2,0.001,1.0,4815162342
0.6779684406870581,0.6775797352955367,0.6758069022803908,0.6803418997609696,0.6779242445059889,0.001616232883184239,1.0,1.0,1.0,1.0,1.0,0.0,50,10,0.001,1.0,4815162342
0.6776652499207879,0.6782144732203633,0.6763604297940284,0.6811269670344711,0.6783417799924127,0.001743338422388883,1.0,1.0,1.0,1.0,1.0,0.0,50,8,0.001,1.0,4815162342
0.6771792349969492,0.6771023432908246,0.6748927456320358,0.6775914211474277,0.6766914362668094,0.0010549944275296756,1.0,1.0,1.0,1.0,1.0,0.0,50,6,0.001,1.0,4815162342
0.676150385585866,0.6752013599380249,0.6726999586026919,0.6767904428722665,0.6752105367497123,0.0015558362732846296,1.0,1.0,1.0,1.0,1.0,0.0,50,4,0.001,1.0,4815162342
0.6718764591710076,0.6745758088802297,0.6715124196872168,0.6763348054746219,0.673574873303269,0.0019847810397325078,1.0,1.0,1.0,1.0,1.0,0.0,50,2,0.001,1.0,4815162342
0.0,0.0,0.0,0.0,0.0,0.0,0.0,0.0,0.0,0.0,0.0,0.0,100,10,1.0,0.001,4815162342
0.0,0.0,0.0,0.0,0.0,0.0,0.0,0.0,0.0,0.0,0.0,0.0,100,8,1.0,0.001,4815162342
0.0,0.0,0.0,0.0,0.0,0.0,0.0,0.0,0.0,0.0,0.0,0.0,100,6,1.0,0.001,4815162342
0.0,0.0,0.0,0.0,0.0,0.0,0.0,0.0,0.0,0.0,0.0,0.0,100,4,1.0,0.001,4815162342
0.6936355847247534,0.6943420973457446,0.6934284636815111,0.6975599510950959,0.6947415242117763,0.0016620997279814128,1.0,1.0,1.0,1.0,1.0,0.0,100,2,0.001,1.0,4815162342
0.1346362538020486,0.1313418704601811,0.12176006385221051,0.1330278906909527,0.1301915197013482,0.0050053325619009706,1.0,1.0,1.0,1.0,1.0,0.0,75,10,1.0E-4,1.0,4815162342
0.10101330267929508,0.10918620618011299,0.10717572933608044,0.10835451870194746,0.106432439224359,0.0032092500311209594,1.0,1.0,1.0,1.0,1.0,0.0,75,2,1.0E-4,1.0,4815162342
0.10693716166999045,0.10858174528789753,0.10700890495288673,0.11069262154482527,0.1083051083639,0.0015271025355973339,1.0,1.0,1.0,1.0,1.0,0.0,75,4,1.0E-4,1.0,4815162342
0.11939949953193772,0.11581892068540557,0.11426299334973779,0.11165785958629477,0.11528481828834396,0.00280244637497567,1.0,1.0,1.0,1.0,1.0,0.0,75,6,1.0E-4,1.0,4815162342
0.1402074464790719,0.132933081323803,0.13005212232733532,0.14342606289095305,0.13665467825529082,0.005383257388380922,1.0,1.0,1.0,1.0,1.0,0.0,75,8,1.0E-4,1.0,4815162342
0.7814479415126733,0.7824907054348706,0.7805531822098725,0.7816884041462381,0.7815450583259136,6.906602608862996E-4,1.0,1.0,1.0,1.0,1.0,0.0,100,10,0.01,0.01,4815162342
0.10240033837923623,0.1041381310299895,0.102884300063832,0.10723040557430807,0.10416329376184146,0.0018809335842774437,1.0,1.0,1.0,1.0,1.0,0.0,50,4,1.0E-4,1.0,4815162342
0.7885605923189477,0.7866223801036384,0.7904884122331445,0.7893295240841401,0.7887502271849677,0.0014071750728878957,1.0,1.0,1.0,1.0,1.0,0.0,100,8,0.01,0.01,4815162342
0.10496312120158136,0.1054081494718455,0.10311007780537951,0.10888033136083985,0.10559041995991156,0.0020858056292790764,1.0,1.0,1.0,1.0,1.0,0.0,50,6,1.0E-4,1.0,4815162342
0.11207884331230998,0.10946906645470499,0.10900888350576574,0.11482266370257353,0.11134486424383856,0.0023242868638841197,1.0,1.0,1.0,1.0,1.0,0.0,50,8,1.0E-4,1.0,4815162342
0.10806961784601116,0.10916507846007215,0.1045580877285478,0.11213065792745602,0.10848086049052177,0.0027086178308897905,1.0,1.0,1.0,1.0,1.0,0.0,50,10,1.0E-4,1.0,4815162342
0.8078158734279969,0.8079346884931101,0.8072296944109391,0.8091693627911173,0.8080374047807909,7.059305480594284E-4,1.0,1.0,1.0,1.0,1.0,0.0,100,2,0.01,0.01,4815162342
0.7923503148835956,0.7928860183942883,0.7950953226957117,0.7941349026383899,0.7936166396529964,0.001071504305651277,1.0,1.0,1.0,1.0,1.0,0.0,100,6,0.01,0.01,4815162342
0.8031150235306638,0.8005248103141197,0.8009944017044618,0.8032821053159783,0.8019790852163059,0.0012321459272142702,1.0,1.0,1.0,1.0,1.0,0.0,100,4,0.01,0.01,4815162342
0.09906940187295397,0.10454102355157169,0.10273302516832528,0.10643110126838978,0.10319363796531018,0.0027165283014857493,1.0,1.0,1.0,1.0,1.0,0.0,50,2,1.0E-4,1.0,4815162342
0.693967336322033,0.6945051446322547,0.6934609226159301,0.6972728311726062,0.6948015586857059,0.0014737945090165837,1.0,1.0,1.0,1.0,1.0,0.0,100,10,0.001,1.0,4815162342
0.6939786938251835,0.6946340881863305,0.6940233670155077,0.697502012423409,0.6950345403626077,0.0014479350611125781,1.0,1.0,1.0,1.0,1.0,0.0,100,8,0.001,1.0,4815162342
0.6940646716840432,0.6942334736287339,0.6937249495663586,0.6973536977609494,0.6948441981600213,0.0014603896433264996,1.0,1.0,1.0,1.0,1.0,0.0,100,6,0.001,1.0,4815162342
0.6939978550059623,0.6945964891768913,0.6935603048339474,0.6975168354026285,0.6949178711048575,0.0015449366950502288,1.0,1.0,1.0,1.0,1.0,0.0,100,4,0.001,1.0,4815162342
