cummulativemae_fold_0,cummulativemae_fold_1,cummulativemae_fold_2,cummulativemae_fold_3,cummulativemae_avg,cummulativemae_std,cummulativecoverage_fold_0,cummulativecoverage_fold_1,cummulativecoverage_fold_2,cummulativecoverage_fold_3,cummulativecoverage_avg,cummulativecoverage_std,numIters,numFactors,learningRate,regularization,scores,seed
0.0,0.0,0.0,0.0,0.0,0.0,0.0,0.0,0.0,0.0,0.0,0.0,75,6,0.1,1.0E-4,[D@722c41f4,4815162342
0.7772583467932033,0.7733562115959147,0.772304018363413,0.7776800539550052,0.775149657676884,0.0023539109510200547,0.6019577729658648,0.601021355400391,0.5975966839407172,0.5965383798040985,0.5992785480277679,0.002266760491776117,100,6,1.0E-4,0.1,[D@722c41f4,4815162342
0.0,0.0,0.0,0.0,0.0,0.0,0.0,0.0,0.0,0.0,0.0,0.0,75,4,0.1,1.0E-4,[D@722c41f4,4815162342
0.7641730692151487,0.7739266370266633,0.7478877170831979,0.7425484520930525,0.7571339688545157,0.012547640308484737,0.5486902819988563,0.5498143913632677,0.5493648463071269,0.5495979120265353,0.5493668579239466,4.21731907332046E-4,100,4,1.0E-4,0.1,[D@722c41f4,4815162342
0.0,0.0,0.0,0.0,0.0,0.0,0.0,0.0,0.0,0.0,0.0,0.0,75,10,0.1,1.0E-4,[D@722c41f4,4815162342
0.6969370343775609,0.6628794769993808,0.628427654778396,0.6242752708769422,0.65312985925807,0.02939774572501847,0.4908344379083371,0.48901315630482267,0.4877842049947278,0.4904615038731589,0.4895233257702616,0.0012128486248007596,100,2,1.0E-4,0.1,[D@722c41f4,4815162342
0.6652064291960719,0.6447528665211786,0.637322717241569,0.6420423170573353,0.6473310825040386,0.010657317113043876,0.5341091668707512,0.5365680588664112,0.5370101998877723,0.5352560543875012,0.535735870003109,0.0011393903046096805,25,10,1.0E-4,1.0,[D@722c41f4,4815162342
0.0,0.0,0.0,0.0,0.0,0.0,0.0,0.0,0.0,0.0,0.0,0.0,75,8,0.1,1.0E-4,[D@722c41f4,4815162342
0.6237044679240216,0.60940260497945,0.5975540673111875,0.6122679193982906,0.6107322649032374,0.009301467266359836,0.5160384487497423,0.5174709991151949,0.518316460317375,0.5182250459272326,0.5175127385273861,9.122257224193853E-4,25,8,1.0E-4,1.0,[D@722c41f4,4815162342
0.0,0.0,0.0,0.0,0.0,0.0,0.0,0.0,0.0,0.0,0.0,0.0,50,8,0.1,1.0E-4,[D@722c41f4,4815162342
0.5780883546932104,0.5623194924889326,0.5853211946643146,0.5706598353112708,0.5740972192894321,0.00855039826890808,0.4990567001641445,0.4985336914003688,0.4986267833732826,0.49817431542471535,0.4985978725906278,3.1419678290514776E-4,25,6,1.0E-4,1.0,[D@722c41f4,4815162342
0.5508722272750237,0.530364407090163,0.5528796444976154,0.5254455381092514,0.5398904542430134,0.012131772117734729,0.4758064204178152,0.475993976680165,0.4766379129626279,0.47698246891783813,0.4763551947446116,4.7566643539058694E-4,25,4,1.0E-4,1.0,[D@722c41f4,4815162342
0.0,0.0,0.0,0.0,0.0,0.0,0.0,0.0,0.0,0.0,0.0,0.0,50,6,0.1,1.0E-4,[D@722c41f4,4815162342
0.0,0.0,0.0,0.0,0.0,0.0,0.0,0.0,0.0,0.0,0.0,0.0,75,2,0.1,1.0E-4,[D@722c41f4,4815162342
0.4263301730354149,0.43355629275443913,0.43790519622509816,0.4546136280267614,0.43810132251042844,0.010391245767838151,0.4496968443486808,0.44913154309073566,0.4492860586202254,0.4503911993779534,0.44962641135939885,4.874925921735533E-4,25,2,1.0E-4,1.0,[D@722c41f4,4815162342
0.0,0.0,0.0,0.0,0.0,0.0,0.0,0.0,0.0,0.0,0.0,0.0,50,10,0.1,1.0E-4,[D@722c41f4,4815162342
0.0,0.0,0.0,0.0,0.0,0.0,0.0,0.0,0.0,0.0,0.0,0.0,100,6,1.0,0.001,[D@722c41f4,4815162342
0.0,0.0,0.0,0.0,0.0,0.0,0.0,0.0,0.0,0.0,0.0,0.0,100,8,1.0,0.001,[D@722c41f4,4815162342
0.0,0.0,0.0,0.0,0.0,0.0,0.0,0.0,0.0,0.0,0.0,0.0,100,2,1.0,0.001,[D@722c41f4,4815162342
0.0,0.0,0.0,0.0,0.0,0.0,0.0,0.0,0.0,0.0,0.0,0.0,50,4,0.1,1.0E-4,[D@722c41f4,4815162342
0.7918153511344389,0.7931664740589776,0.7906112008275444,0.7921673596253469,0.7919400964115769,9.133968961801674E-4,0.6896154125306194,0.6910747986953404,0.6889540456779252,0.6866174886307795,0.6890654363836661,0.0016081718465374342,25,4,0.001,0.001,[D@722c41f4,4815162342
0.0,0.0,0.0,0.0,0.0,0.0,0.0,0.0,0.0,0.0,0.0,0.0,100,4,1.0,0.001,[D@722c41f4,4815162342
0.7891872761218626,0.7909167633708225,0.7931657896399819,0.7966539277522301,0.7924809392212243,0.0027918504651510082,0.5921116069060466,0.5909020415667029,0.5849888375861273,0.5891062703937308,0.5892771891131519,0.0026969075692574018,25,2,0.001,0.001,[D@722c41f4,4815162342
0.0,0.0,0.0,0.0,0.0,0.0,0.0,0.0,0.0,0.0,0.0,0.0,50,2,0.1,1.0E-4,[D@722c41f4,4815162342
0.7905934909171224,0.7898783180988197,0.7919965843637796,0.7908666241910427,0.7908337543926911,7.622071592822521E-4,0.7875696614184972,0.7915797766190766,0.7904958928487837,0.7863238701374559,0.7889923002559533,0.0021272191456264775,25,8,0.001,0.001,[D@722c41f4,4815162342
0.7896147577667447,0.7873287344354835,0.7893016884503912,0.792362058187382,0.7896518097100003,0.001793466147098323,0.7488491356328573,0.7501444688973586,0.7443845313410664,0.7465956341666741,0.747493442509489,0.0021987060528581314,25,6,0.001,0.001,[D@722c41f4,4815162342
0.0,0.0,0.0,0.0,0.0,0.0,0.0,0.0,0.0,0.0,0.0,0.0,100,10,1.0,0.001,[D@722c41f4,4815162342
0.777196128964737,0.7771833738164206,0.7753487822765066,0.7800956398160079,0.777455981218418,0.0016992588738910443,0.6739047573773941,0.6767283070332555,0.6783254847349997,0.6769502087776224,0.6764771894808179,0.0016062697122251836,100,10,1.0E-4,0.1,[D@722c41f4,4815162342
0.7929697006154073,0.7904454717673953,0.7900051757140012,0.7940646914077453,0.7918712598761374,0.001698002927908643,0.8168372263844051,0.82041377012952,0.8214439423324847,0.8161919829104016,0.8187217304392029,0.002248578106135009,25,10,0.001,0.001,[D@722c41f4,4815162342
0.7731960898254571,0.7754218466845225,0.7754304857392404,0.7741070819488294,0.7745388760495123,9.439446448288905E-4,0.6403671957435636,0.6438373279805085,0.6427169805775591,0.6406410360039806,0.641890635076403,0.0014452357413945337,100,8,1.0E-4,0.1,[D@722c41f4,4815162342
0.6494883370813048,0.6174256466230188,0.5723225027989385,0.5746331101963141,0.603467399174894,0.032070937734879464,0.4890217479959687,0.48670501297468055,0.4865752938969333,0.48903904311641844,0.4878352744960003,0.0011960163538003842,75,2,1.0E-4,0.1,[D@722c41f4,4815162342
0.0,0.0,0.0,0.0,0.0,0.0,0.0,0.0,0.0,0.0,0.0,0.0,100,10,0.1,1.0E-4,[D@722c41f4,4815162342
0.0,0.0,0.0,0.0,0.0,0.0,0.0,0.0,0.0,0.0,0.0,0.0,100,8,0.1,1.0E-4,[D@722c41f4,4815162342
0.7407650250808283,0.7448784365795645,0.7418397008032205,0.7463152853648399,0.7434496119571133,0.0022389977948417345,0.6335049730797787,0.6370794150856498,0.6374730721243607,0.6356579606719537,0.6359288552404357,0.0015537842786244715,50,10,1.0E-4,0.1,[D@722c41f4,4815162342
0.7263543042887289,0.7303281319337327,0.7386247846305317,0.7320084533382029,0.7318289185477991,0.004428312045858336,0.6061226331258113,0.609769308184408,0.6085376876324222,0.6071940862117838,0.6079059287886063,0.001374605878475603,50,8,1.0E-4,0.1,[D@722c41f4,4815162342
0.73637301697726,0.7093991196537875,0.7034028476312929,0.7246275450580741,0.7184506323301036,0.012920253754869358,0.5761415790961583,0.5747165880334418,0.5736960496255152,0.5720434928348395,0.5741494273974888,0.0014942265025563433,50,6,1.0E-4,0.1,[D@722c41f4,4815162342
0.0,0.0,0.0,0.0,0.0,0.0,0.0,0.0,0.0,0.0,0.0,0.0,50,4,1.0,0.001,[D@722c41f4,4815162342
0.0,0.0,0.0,0.0,0.0,0.0,0.0,0.0,0.0,0.0,0.0,0.0,100,2,0.1,1.0E-4,[D@722c41f4,4815162342
0.698013739259692,0.6833247921732577,0.6731202066597144,0.650470792696847,0.6762323826973777,0.017306609466567043,0.5350062241452512,0.5356239977995831,0.536011135616223,0.5365973837854986,0.535809685336639,5.790252172756437E-4,50,4,1.0E-4,0.1,[D@722c41f4,4815162342
0.0,0.0,0.0,0.0,0.0,0.0,0.0,0.0,0.0,0.0,0.0,0.0,50,6,1.0,0.001,[D@722c41f4,4815162342
0.5567923260833763,0.507546093213011,0.5471707644797575,0.512935020138095,0.5311110509785599,0.02123156624201005,0.4883396613480165,0.48647680477180033,0.48687390676291425,0.48901140775599655,0.4876754451596819,0.0010374465991740535,50,2,1.0E-4,0.1,[D@722c41f4,4815162342
0.0,0.0,0.0,0.0,0.0,0.0,0.0,0.0,0.0,0.0,0.0,0.0,100,6,0.1,1.0E-4,[D@722c41f4,4815162342
0.0,0.0,0.0,0.0,0.0,0.0,0.0,0.0,0.0,0.0,0.0,0.0,50,2,1.0,0.001,[D@722c41f4,4815162342
0.0,0.0,0.0,0.0,0.0,0.0,0.0,0.0,0.0,0.0,0.0,0.0,100,4,0.1,1.0E-4,[D@722c41f4,4815162342
0.0,0.0,0.0,0.0,0.0,0.0,0.0,0.0,0.0,0.0,0.0,0.0,75,4,1.0,0.001,[D@722c41f4,4815162342
0.0,0.0,0.0,0.0,0.0,0.0,0.0,0.0,0.0,0.0,0.0,0.0,75,6,1.0,0.001,[D@722c41f4,4815162342
0.0,0.0,0.0,0.0,0.0,0.0,0.0,0.0,0.0,0.0,0.0,0.0,50,8,1.0,0.001,[D@722c41f4,4815162342
0.0,0.0,0.0,0.0,0.0,0.0,0.0,0.0,0.0,0.0,0.0,0.0,50,10,1.0,0.001,[D@722c41f4,4815162342
0.0,0.0,0.0,0.0,0.0,0.0,0.0,0.0,0.0,0.0,0.0,0.0,75,2,1.0,0.001,[D@722c41f4,4815162342
0.7625994972306832,0.7682353814341907,0.7639134774633779,0.7691594135878298,0.7659769424290204,0.002779104763630417,0.6540276201315693,0.6578974759993339,0.6580799365021527,0.6572259989111167,0.6568077578860432,0.0016363080002421253,75,10,1.0E-4,0.1,[D@722c41f4,4815162342
0.75878698163256,0.7628726591708614,0.7652008045806107,0.7618941584790703,0.7621886509657756,0.00230211949631499,0.6234558645303738,0.6268938530746179,0.6258317769754851,0.6240124876792813,0.6250484955649396,0.0013810014534786279,75,8,1.0E-4,0.1,[D@722c41f4,4815162342
0.7646332607186216,0.7489456752579257,0.7464575480873771,0.7597897789093965,0.7549565657433303,0.0075060389137213334,0.5881223385605289,0.587402508147178,0.5847645298392677,0.5831179121475836,0.5858518221736395,0.0020134758691510834,75,6,1.0E-4,0.1,[D@722c41f4,4815162342
0.0,0.0,0.0,0.0,0.0,0.0,0.0,0.0,0.0,0.0,0.0,0.0,75,8,1.0,0.001,[D@722c41f4,4815162342
0.7489658485559972,0.7438740441447549,0.7374952464835732,0.7049748648518132,0.7338275010090346,0.017146643735127285,0.5403368291595899,0.5417529646846418,0.5414580826760897,0.541914836089199,0.5413656781523801,6.161643740938565E-4,75,4,1.0E-4,0.1,[D@722c41f4,4815162342
0.0,0.0,0.0,0.0,0.0,0.0,0.0,0.0,0.0,0.0,0.0,0.0,75,10,1.0,0.001,[D@722c41f4,4815162342
0.0,0.0,0.0,0.0,0.0,0.0,0.0,0.0,0.0,0.0,0.0,0.0,100,6,1.0,1.0,[D@722c41f4,4815162342
0.0,0.0,0.0,0.0,0.0,0.0,0.0,0.0,0.0,0.0,0.0,0.0,100,8,1.0,1.0,[D@722c41f4,4815162342
0.0,0.0,0.0,0.0,0.0,0.0,0.0,0.0,0.0,0.0,0.0,0.0,100,2,1.0,1.0,[D@722c41f4,4815162342
0.0,0.0,0.0,0.0,0.0,0.0,0.0,0.0,0.0,0.0,0.0,0.0,100,4,1.0,1.0,[D@722c41f4,4815162342
0.0,0.0,0.0,0.0,0.0,0.0,0.0,0.0,0.0,0.0,0.0,0.0,100,10,1.0,1.0,[D@722c41f4,4815162342
0.6931259353454964,0.698791289643817,0.6966045106588301,0.692530244327712,0.6952629949939638,0.0025633707086701006,0.6299399014137512,0.6331174244516502,0.632450542885992,0.6302457575454464,0.6314384065742099,0.0013703512659281704,25,10,1.0E-4,0.001,[D@722c41f4,4815162342
0.6820413122516916,0.6750543046556343,0.6805623285067856,0.6888656486553933,0.6816308985173761,0.004921978201970437,0.6049138561617441,0.6076547906309959,0.6068831309467295,0.6063152745638654,0.6064417630758336,0.0010020903563083456,25,8,1.0E-4,0.001,[D@722c41f4,4815162342
0.6950593533706726,0.6526057781889243,0.6431708111551661,0.6563810596974647,0.6618042506030569,0.019793495270510914,0.5802263105177313,0.5776395642185554,0.577701405400774,0.576732128003451,0.578074852035128,0.0013000595466723503,25,6,1.0E-4,0.001,[D@722c41f4,4815162342
0.6327357379500562,0.5964728056617231,0.5972144967512558,0.595905084388628,0.6055820311879159,0.01568407402842361,0.5428736796527155,0.5423330232720419,0.5442024971879416,0.5443070265704498,0.5434290566707872,8.483475440020099E-4,25,4,1.0E-4,0.001,[D@722c41f4,4815162342
0.5692689283561608,0.5243367656539691,0.5129494826838175,0.5216853233739849,0.5320601250169831,0.02189177063020258,0.49669569581751283,0.4951902166351639,0.4956943944660934,0.49851393082191686,0.49652355943517174,0.00127048482474001,25,2,1.0E-4,0.001,[D@722c41f4,4815162342
0.7687607686600483,0.7674776072925982,0.7665807463017572,0.7710836974906474,0.7684757049362627,0.001693365998766971,0.6386176888630359,0.6379410368170155,0.6342135987737222,0.632879787501404,0.6359130279887945,0.0024246967729688114,100,6,1.0E-4,0.01,[D@722c41f4,4815162342
0.7688086042428112,0.7709427533077088,0.7729461119050492,0.7707561710121211,0.7708634101169225,0.0014643829319948682,0.6788607060016477,0.6830138373446754,0.6813082963496804,0.6788408573947821,0.6805059242726963,0.0017615774034829073,100,8,1.0E-4,0.01,[D@722c41f4,4815162342
0.7738963359568556,0.7748054176065451,0.7732394399490072,0.7773961063671231,0.7748343249698827,0.0015801140133922733,0.7118542092245722,0.7152991942082804,0.7162973351572454,0.7149888020329054,0.7146098851557509,0.0016628260819244428,100,10,1.0E-4,0.01,[D@722c41f4,4815162342
0.7477149100889395,0.7274521304740976,0.7109653664418492,0.7063204275958413,0.7231132086501819,0.016229891574910407,0.5155452511037807,0.5126603286046267,0.5118039379976138,0.5144685150431486,0.5136195081872924,0.0014701716742567762,100,2,1.0E-4,0.01,[D@722c41f4,4815162342
0.7628440100337304,0.7718193591641247,0.7646921364304703,0.7624031287833241,0.7654396586029123,0.0037821050186692,0.5811555282182099,0.5830329772339717,0.5811588681185446,0.582009484857967,0.5818392146071732,7.720685834965201E-4,100,4,1.0E-4,0.01,[D@722c41f4,4815162342
0.7396074241712983,0.743701020129733,0.7398195932124201,0.7436514598678245,0.741694874345319,0.001982862537572019,0.6556641017801417,0.6593399907198128,0.6592127722218031,0.6575132291511327,0.6579325234682225,0.0014951208659037295,50,10,1.0E-4,0.001,[D@722c41f4,4815162342
0.0,0.0,0.0,0.0,0.0,0.0,0.0,0.0,0.0,0.0,0.0,0.0,75,2,1.0,1.0,[D@722c41f4,4815162342
0.7326793294562276,0.7393967926805681,0.7392704064612479,0.7372052625941167,0.73713794779804,0.0027172398198047664,0.6274743623333023,0.6315018162587616,0.629697766098055,0.6285270437082998,0.6293002470996046,0.0014947095688477362,50,8,1.0E-4,0.001,[D@722c41f4,4815162342
0.0,0.0,0.0,0.0,0.0,0.0,0.0,0.0,0.0,0.0,0.0,0.0,75,4,1.0,1.0,[D@722c41f4,4815162342
0.7367592825349624,0.7227043962332302,0.7174805233395903,0.7291655523960695,0.7265274386259631,0.007213054196690681,0.5963850176041275,0.5947266244403518,0.5932914698690123,0.5912067416505941,0.5939024633910214,0.0019027969966600657,50,6,1.0E-4,0.001,[D@722c41f4,4815162342
0.0,0.0,0.0,0.0,0.0,0.0,0.0,0.0,0.0,0.0,0.0,0.0,50,8,1.0,1.0,[D@722c41f4,4815162342
0.7250649954509641,0.6963890966837208,0.7130440196979403,0.6961079602899758,0.7076515180306502,0.012169676762424343,0.5521426190226162,0.5527147351089762,0.5531666863289677,0.5539491679576546,0.5529933021045537,6.60492788628257E-4,50,4,1.0E-4,0.001,[D@722c41f4,4815162342
0.0,0.0,0.0,0.0,0.0,0.0,0.0,0.0,0.0,0.0,0.0,0.0,50,10,1.0,1.0,[D@722c41f4,4815162342
0.6296417694313069,0.583828357824323,0.5795873053225437,0.5899317667839161,0.5957472998405224,0.019911442032030997,0.5013118254036021,0.4994434199149435,0.4993532431714312,0.5022933903089691,0.5006004696997365,0.0012516334671125449,50,2,1.0E-4,0.001,[D@722c41f4,4815162342
0.0,0.0,0.0,0.0,0.0,0.0,0.0,0.0,0.0,0.0,0.0,0.0,75,10,1.0,1.0,[D@722c41f4,4815162342
0.6632699374103482,0.6165116101247599,0.6092689240456347,0.6273285837057878,0.6290947638216327,0.020751274429556817,0.44879454810528957,0.45023521984589593,0.4511810309601993,0.44923918013157105,0.4498624947607389,9.228343410673494E-4,100,10,1.0E-4,1.0,[D@722c41f4,4815162342
0.6524754843426438,0.5946927614658206,0.5890079050070376,0.6367339481085442,0.6182275247310116,0.027032765778545072,0.43997948694303674,0.44020988840037356,0.44183824094725405,0.4407703895414173,0.4406995014580204,7.176166443013356E-4,100,8,1.0E-4,1.0,[D@722c41f4,4815162342
0.5218975669643111,0.5074083261637964,0.5669012001310536,0.54210129947628,0.5345770981838602,0.022362769600426997,0.431743489118275,0.43158945429141227,0.43203179029984634,0.4311742353887814,0.43163474227457876,3.096734585288331E-4,100,6,1.0E-4,1.0,[D@722c41f4,4815162342
0.0,0.0,0.0,0.0,0.0,0.0,0.0,0.0,0.0,0.0,0.0,0.0,75,6,1.0,1.0,[D@722c41f4,4815162342
0.0,0.0,0.0,0.0,0.0,0.0,0.0,0.0,0.0,0.0,0.0,0.0,75,8,1.0,1.0,[D@722c41f4,4815162342
0.5754505418910252,0.494658971751261,0.47851137657213977,0.5129696511644464,0.515397635344718,0.036752329673502795,0.4187013514701187,0.4189151870992389,0.4194270954852816,0.41853069717924196,0.41889358280847033,3.3680164379159487E-4,100,4,1.0E-4,1.0,[D@722c41f4,4815162342
0.44111989567044696,0.39142088845522427,0.3933784155433871,0.4680893933375644,0.42350214825165566,0.03253864606459738,0.39692248123623247,0.3964907722987986,0.39639318473691526,0.39667071459621006,0.3966192882170391,2.01376391570326E-4,100,2,1.0E-4,1.0,[D@722c41f4,4815162342
0.0,0.0,0.0,0.0,0.0,0.0,0.0,0.0,0.0,0.0,0.0,0.0,25,2,1.0,0.001,[D@722c41f4,4815162342
0.0,0.0,0.0,0.0,0.0,0.0,0.0,0.0,0.0,0.0,0.0,0.0,25,4,1.0,0.001,[D@722c41f4,4815162342
0.6855395356046208,0.6911474723104115,0.7000434600321318,0.6935193953880543,0.6925624658338045,0.005201075466728736,0.6187502625886613,0.6220826532338142,0.6214198478486189,0.6192777675605571,0.6203826328079128,0.0014010035899902759,25,10,1.0E-4,0.1,[D@722c41f4,4815162342
0.7617605294179195,0.7648446012036699,0.7607905063764049,0.7649783036461378,0.763093485161033,0.0018506370803131394,0.6863848638709918,0.6903168004770566,0.6907250044336933,0.6897265621266421,0.6892883077270959,0.0017134721990551473,75,10,1.0E-4,0.001,[D@722c41f4,4815162342
0.6686085027062278,0.6609436989711434,0.6676999697239909,0.6794777526880711,0.6691824810223583,0.006640734884322386,0.5942728079386627,0.5968320258267489,0.596376089832079,0.5957653224179122,0.5958115615038506,9.65652662079852E-4,25,8,1.0E-4,0.1,[D@722c41f4,4815162342
0.7574605931779598,0.7610990282949629,0.7621067365406599,0.7594481412866634,0.7600286248250614,0.0017604019121887555,0.6552477287326227,0.659124674713101,0.6577144717617217,0.6562045033319067,0.657072844634838,0.0014753606944501111,75,8,1.0E-4,0.001,[D@722c41f4,4815162342
0.0,0.0,0.0,0.0,0.0,0.0,0.0,0.0,0.0,0.0,0.0,0.0,50,4,1.0,1.0,[D@722c41f4,4815162342
0.0,0.0,0.0,0.0,0.0,0.0,0.0,0.0,0.0,0.0,0.0,0.0,25,10,1.0,0.001,[D@722c41f4,4815162342
0.6859332596322844,0.6327653004399423,0.6374171151547264,0.6439030764011734,0.6500046879070316,0.02111714586076954,0.570335857439718,0.5678164916834425,0.5680593752332551,0.5669220830923959,0.5682834518622029,0.0012583675661556183,25,6,1.0E-4,0.1,[D@722c41f4,4815162342
0.0,0.0,0.0,0.0,0.0,0.0,0.0,0.0,0.0,0.0,0.0,0.0,50,6,1.0,1.0,[D@722c41f4,4815162342
0.7577675226471735,0.7564090734000833,0.7543435627578698,0.755556344913917,0.756019125929761,0.0012480613288910515,0.6187286262510806,0.616877142265516,0.6143722077625915,0.6131197563779024,0.6157744331642726,0.0021769685960827457,75,6,1.0E-4,0.001,[D@722c41f4,4815162342
0.6127512055070954,0.5925624780715165,0.5780929006657118,0.5740775948027776,0.5893710447617753,0.015148459566466392,0.5344415283330142,0.5338498679985353,0.5357442686991543,0.5356041128365061,0.5349099444668024,7.939052908177092E-4,25,4,1.0E-4,0.1,[D@722c41f4,4815162342
0.0,0.0,0.0,0.0,0.0,0.0,0.0,0.0,0.0,0.0,0.0,0.0,25,6,1.0,0.001,[D@722c41f4,4815162342
0.7489190730370863,0.7458721267354019,0.7414670613162091,0.7508201634125272,0.7467696061253061,0.0035337541315746002,0.5669102503369504,0.5681591190054457,0.5676009354755982,0.568466745848095,0.5677842626665224,5.924118033801329E-4,75,4,1.0E-4,0.001,[D@722c41f4,4815162342
0.53722855176384,0.48171459160377034,0.5130424979588616,0.5090671326739802,0.5102631935001131,0.01969332571774787,0.4900479534175865,0.48897720867396016,0.489411864456316,0.49191702469050247,0.4900885128095913,0.0011222689783173781,25,2,1.0E-4,0.1,[D@722c41f4,4815162342
0.0,0.0,0.0,0.0,0.0,0.0,0.0,0.0,0.0,0.0,0.0,0.0,50,2,1.0,1.0,[D@722c41f4,4815162342
0.0,0.0,0.0,0.0,0.0,0.0,0.0,0.0,0.0,0.0,0.0,0.0,25,8,1.0,0.001,[D@722c41f4,4815162342
0.7026237499051045,0.6686200218157131,0.6406529628100593,0.6382150566467442,0.6625279477944053,0.02605004009980033,0.5086823181779511,0.5062768748229312,0.5057825625832268,0.5084146972418082,0.5072891132064793,0.001274978513414194,75,2,1.0E-4,0.001,[D@722c41f4,4815162342
0.7498975028674854,0.748192799103562,0.7417075753065809,0.7360044639167093,0.7439505852985844,0.005512126299763224,0.5642896711748668,0.5655490416158758,0.5650496523684042,0.5658701088754605,0.5651896185086519,5.96185338910752E-4,75,4,1.0E-4,0.01,[D@722c41f4,4815162342
0.7572942827161805,0.7556459924744312,0.7538863722908494,0.7552334375284597,0.7555150212524802,0.0012160090101477935,0.6158497551663424,0.6138896953910052,0.6117185825642764,0.6103246308565987,0.6129456659945557,0.002103597178544479,75,6,1.0E-4,0.01,[D@722c41f4,4815162342
0.7571931959078096,0.761069382439474,0.7622252402712029,0.7600295679858069,0.7601293466510735,0.0018646296093047497,0.6521692804220003,0.6562384036454656,0.6547424554980351,0.6533033595200807,0.6541133747713954,0.001528652823810402,75,8,1.0E-4,0.01,[D@722c41f4,4815162342
0.7617792818842712,0.7652490865838525,0.7608823924381828,0.7652986527545034,0.7633023534152025,0.0019969313396212838,0.6836686628922599,0.6871837435424721,0.6878038399104163,0.6868377832668854,0.6863735074030084,0.0015995366195046704,75,10,1.0E-4,0.01,[D@722c41f4,4815162342
0.7233532911558727,0.6977204283961576,0.6930141715199126,0.6958904726823568,0.7024945909385749,0.012159057663244098,0.550378495104541,0.551155253084209,0.5514858394697268,0.5523348695604683,0.5513386143047363,7.017210983640725E-4,50,4,1.0E-4,0.01,[D@722c41f4,4815162342
0.7366073629915274,0.721210598151766,0.7175908483866059,0.7306445025603571,0.7265133280225641,0.007528043104836501,0.5945758123283734,0.5928162146802001,0.5914956008089214,0.5894944196799804,0.5920955118743688,0.0018572073636661528,50,6,1.0E-4,0.01,[D@722c41f4,4815162342
0.7335794270683859,0.7391204089020733,0.7393636430764867,0.7395991988693853,0.7379156694790827,0.002509247599800859,0.6252696315683632,0.629440000683995,0.6277778131351271,0.6265780038647758,0.6272663623130653,0.0015368032348950461,50,8,1.0E-4,0.01,[D@722c41f4,4815162342
0.7399991785882263,0.7436197650124483,0.7397523245558945,0.7439215676346674,0.7418232089478092,0.0019523301327811636,0.6536755587055736,0.6573132298392025,0.6572816467193054,0.6554282373328728,0.6559246681492386,0.0015061898329457642,50,10,1.0E-4,0.01,[D@722c41f4,4815162342
0.703346356499719,0.668461216054041,0.643196790565873,0.6384937782249991,0.663374535336158,0.025738173334060803,0.5066995463982279,0.5042585073511356,0.503850131745555,0.5064551523554649,0.5053158344625959,0.0012726870252728819,75,2,1.0E-4,0.01,[D@722c41f4,4815162342
0.0,0.0,0.0,0.0,0.0,0.0,0.0,0.0,0.0,0.0,0.0,0.0,25,2,1.0,1.0,[D@722c41f4,4815162342
0.6321934385000995,0.5827020973344461,0.5790904690414911,0.5937113310118849,0.5969243339719803,0.021062715135814817,0.49995089980659546,0.4982401356920717,0.49820195229382247,0.5011140543643815,0.4993767605392178,0.0012267758749966939,50,2,1.0E-4,0.01,[D@722c41f4,4815162342
0.6758944671290079,0.6488054916428597,0.6187539973711967,0.6508210342370947,0.6485687475950397,0.020253043733112028,0.46548385156939076,0.46735219147617885,0.46831721620751665,0.4664199372962659,0.466893299137338,0.0010546013323489267,75,10,1.0E-4,1.0,[D@722c41f4,4815162342
0.0,0.0,0.0,0.0,0.0,0.0,0.0,0.0,0.0,0.0,0.0,0.0,25,8,1.0,1.0,[D@722c41f4,4815162342
0.6675755206986316,0.603272526243365,0.5979022946611399,0.6181512178803765,0.6217253898708782,0.027491167871553056,0.45451738875181324,0.45477007847010675,0.4565651053528618,0.45542171714379615,0.4553185724296445,7.917108168382503E-4,75,8,1.0E-4,1.0,[D@722c41f4,4815162342
0.0,0.0,0.0,0.0,0.0,0.0,0.0,0.0,0.0,0.0,0.0,0.0,25,10,1.0,1.0,[D@722c41f4,4815162342
0.5526990050534705,0.535058153114991,0.5557142517277355,0.5279042683855164,0.5428439195704283,0.011689519841966724,0.445109923264156,0.4449576790599324,0.44496929030559396,0.4445579593012769,0.4448987129827398,2.056580968301349E-4,75,6,1.0E-4,1.0,[D@722c41f4,4815162342
0.0,0.0,0.0,0.0,0.0,0.0,0.0,0.0,0.0,0.0,0.0,0.0,25,4,1.0,1.0,[D@722c41f4,4815162342
0.5649926189621787,0.49026386488283286,0.5275852419372091,0.4871625246628473,0.517501062611267,0.031699489042629286,0.4317363590157367,0.43175510864924593,0.4322048668181318,0.4319241716809528,0.4319051265410168,1.878794803329425E-4,75,4,1.0E-4,1.0,[D@722c41f4,4815162342
0.6793745864699302,0.659139239880264,0.6401314522227171,0.6561646788551603,0.6587024893570179,0.013953944356813174,0.4906751426698811,0.49283678997597363,0.49444115314512976,0.49260482406306094,0.4926394774635114,0.0013364860202166832,50,10,1.0E-4,1.0,[D@722c41f4,4815162342
0.0,0.0,0.0,0.0,0.0,0.0,0.0,0.0,0.0,0.0,0.0,0.0,25,6,1.0,1.0,[D@722c41f4,4815162342
0.4322119786750251,0.40545384301293147,0.4226791931905808,0.444782092042109,0.4262817767301616,0.014354532322905268,0.4123007932223072,0.41121692427236756,0.4114717961458111,0.4119034963243088,0.4117232524911987,4.1401681556550333E-4,75,2,1.0E-4,1.0,[D@722c41f4,4815162342
0.6486132457250642,0.6163477988671706,0.6129712586723575,0.625173600726631,0.6257764759978058,0.013917211047423834,0.4766468714496832,0.477341445211117,0.4790233261105412,0.4781458530245064,0.477789373948962,8.882099109181235E-4,50,8,1.0E-4,1.0,[D@722c41f4,4815162342
0.5729995979468294,0.5457700034594495,0.5695531835092994,0.5451582820080524,0.5583702667309076,0.012965320419532614,0.4640011427634911,0.4638987658057089,0.4637179399417036,0.4628811027748063,0.46362473782142744,4.4114955921049486E-4,50,6,1.0E-4,1.0,[D@722c41f4,4815162342
0.5752058925762626,0.508631635646137,0.5473481583697917,0.5202401971266497,0.5378564709297102,0.025736625302516556,0.4472840004344532,0.44725638641478493,0.4478902947378386,0.4479317398608613,0.44759060536198453,3.2089537024449573E-4,50,4,1.0E-4,1.0,[D@722c41f4,4815162342
0.45257892071209516,0.4137997544374368,0.4153204805448333,0.43800755466814867,0.4299266775906284,0.01621606715040343,0.4288192632417044,0.4278358727487806,0.42841412717235083,0.4291679724574387,0.42855930890506866,4.956019534009219E-4,50,2,1.0E-4,1.0,[D@722c41f4,4815162342
0.6932248147375185,0.6918278234883417,0.697128309696083,0.692720666793939,0.6937254036789704,0.002027354522377251,0.6289087234425308,0.6321241761957138,0.6314462301841729,0.62926527168099,0.6304361003758518,0.0013760162001603125,25,10,1.0E-4,0.01,[D@722c41f4,4815162342
0.5702676669552226,0.5243571758116635,0.5165126923347061,0.5202643814807499,0.5328504791455855,0.02178023919410774,0.49617204045014857,0.4945433836796751,0.49513964176790015,0.49788160984155816,0.4959341689348205,0.0012663595449105287,25,2,1.0E-4,0.01,[D@722c41f4,4815162342
0.6364973981629669,0.5952558384004205,0.5968868123544597,0.5973345186707554,0.6064936418971506,0.017339941822481997,0.5421336208944519,0.5416463449489696,0.5433405710339435,0.5433448529212684,0.5426163474496584,7.465168786847042E-4,25,4,1.0E-4,0.01,[D@722c41f4,4815162342
0.6952183010781747,0.6534685357905188,0.6435290056812669,0.6553060681814378,0.6618804776828495,0.01976215208457169,0.5793555612511322,0.576754251127184,0.5768074938086633,0.5758113343843858,0.5771821601428413,0.0013158948120207334,25,6,1.0E-4,0.01,[D@722c41f4,4815162342
0.6820533357621998,0.6748967411929667,0.6804546452903105,0.6893838981801498,0.6816971551064067,0.005172096861489106,0.6039395407539683,0.6066677842220141,0.6059778558495668,0.6052379872946667,0.605455792030054,0.0010109318152087615,25,8,1.0E-4,0.01,[D@722c41f4,4815162342
0.7688248396309899,0.7711369668173572,0.7727316512852026,0.7700876301089365,0.7706952719606215,0.0014326270292454306,0.6830758210296148,0.6872828281791926,0.6854331927902386,0.683152436642279,0.6847360696603313,0.0017490196299145596,100,8,1.0E-4,1.0E-4,[D@722c41f4,4815162342
0.7733446067934806,0.7744996355973834,0.7730587108390655,0.7770801307415259,0.7744957709928638,0.001586604168125227,0.7160206106580346,0.7191088492267501,0.7206664205764103,0.7192133164155307,0.7187522992191814,0.0016930481186699287,100,10,1.0E-4,1.0E-4,[D@722c41f4,4815162342
0.7633513201498437,0.7707784977634043,0.7614859600736152,0.7610394026486145,0.7641637951588693,0.003916217418909728,0.5851200766702197,0.5869655743446773,0.5849981514524006,0.5859078015769286,0.5857479010110566,7.849497343826062E-4,100,4,1.0E-4,1.0E-4,[D@722c41f4,4815162342
0.7687220460455048,0.7680882333454501,0.7667229420143331,0.7702175000995802,0.768437680376217,0.001256091453534567,0.6427323726171921,0.6421931294697917,0.6382789282095143,0.6371119543978185,0.6400790961735792,0.0024265998681300867,100,6,1.0E-4,1.0E-4,[D@722c41f4,4815162342
0.7467221632695,0.7217873303124803,0.709031708623297,0.7082110146444145,0.7214380542124229,0.015558600123522717,0.5185705005317514,0.5155267218078456,0.5145678733067418,0.5173115595564984,0.5164941638007093,0.0015512776281957096,100,2,1.0E-4,1.0E-4,[D@722c41f4,4815162342
0.0,0.0,0.0,0.0,0.0,0.0,0.0,0.0,0.0,0.0,0.0,0.0,25,6,1.0,1.0E-4,[D@722c41f4,4815162342
0.0,0.0,0.0,0.0,0.0,0.0,0.0,0.0,0.0,0.0,0.0,0.0,25,4,1.0,1.0E-4,[D@722c41f4,4815162342
0.0,0.0,0.0,0.0,0.0,0.0,0.0,0.0,0.0,0.0,0.0,0.0,25,10,1.0,1.0E-4,[D@722c41f4,4815162342
0.0,0.0,0.0,0.0,0.0,0.0,0.0,0.0,0.0,0.0,0.0,0.0,25,8,1.0,1.0E-4,[D@722c41f4,4815162342
0.0,0.0,0.0,0.0,0.0,0.0,0.0,0.0,0.0,0.0,0.0,0.0,25,2,1.0,1.0E-4,[D@722c41f4,4815162342
0.7487809302682098,0.7448973234418318,0.7418969585587099,0.7506598788833785,0.7465587727880325,0.003400366925447083,0.5671387698919034,0.5683760373272414,0.5678293640510143,0.5687266760248242,0.5680177118237457,5.998002183873235E-4,75,4,1.0E-4,1.0E-4,[D@722c41f4,4815162342
0.7575548751498844,0.7564475334506522,0.7538969255589941,0.7559388781386316,0.7559595530745405,0.001326464953590324,0.6189868365779299,0.6171994086654119,0.614669967844802,0.6134464915683278,0.6160756761641178,0.002157907389529518,75,6,1.0E-4,1.0E-4,[D@722c41f4,4815162342
0.739724221769121,0.7436717516497868,0.7396766845195706,0.7436157769759483,0.7416721087286067,0.0019718265294449396,0.6558559319464053,0.659568695516237,0.6594344675397975,0.657714910265816,0.658143501317064,0.0015095062279087041,50,10,1.0E-4,1.0E-4,[D@722c41f4,4815162342
0.7025701942995862,0.6691573676295988,0.6406502158544876,0.6384176525637006,0.6626988575868433,0.02601516559072305,0.5088479835795293,0.5065110707711031,0.505960262635916,0.5085942505389434,0.507478391881373,0.0012610856929268384,75,2,1.0E-4,1.0E-4,[D@722c41f4,4815162342
0.7574352779443926,0.7609683766255138,0.7621803294473594,0.7593403743926843,0.7599810896024876,0.0017820679377953852,0.655561663220184,0.6594700182497628,0.658033733479009,0.6564947919825274,0.6573900517328708,0.0014903926894960606,75,8,1.0E-4,1.0E-4,[D@722c41f4,4815162342
0.761859428589651,0.7648232883937324,0.7608038497642057,0.7649677295456069,0.763113574073299,0.0018213129090820285,0.6866892001713717,0.6906475169207268,0.6910049646027716,0.6900224944564868,0.6895910440378392,0.001711881538346174,75,10,1.0E-4,1.0E-4,[D@722c41f4,4815162342
0.7368747761749922,0.7228995406120848,0.7174822115677973,0.7286263171986592,0.7264707113883834,0.007183968092764132,0.5965694622231038,0.5948716952907961,0.5935067197280498,0.5913827834780773,0.5940826651800067,0.001899197357920711,50,6,1.0E-4,1.0E-4,[D@722c41f4,4815162342
0.7326503995769028,0.7392412295630293,0.7387338031689205,0.7368488021281802,0.7368685586092582,0.0025933550018752056,0.6276801936169835,0.6317049308721603,0.6299352266128254,0.6287133730110728,0.6295084310282606,0.0014984438025784734,50,8,1.0E-4,1.0E-4,[D@722c41f4,4815162342
0.6200970223654169,0.5838477341862409,0.5789655133377867,0.5899796177823942,0.5932224719179596,0.01599925107772826,0.5014064894135695,0.49954721531943375,0.4994981507943625,0.5023843723047806,0.5007090569580366,0.0012358461950706004,50,2,1.0E-4,1.0E-4,[D@722c41f4,4815162342
0.7227785631780209,0.6955373656280287,0.7127907081122224,0.6963429143773083,0.7068623878238951,0.011482432981239063,0.5523137687935169,0.5528605850831677,0.553305696542599,0.5541236264953557,0.5531509192286599,6.624255072632456E-4,50,4,1.0E-4,1.0E-4,[D@722c41f4,4815162342
0.5691717729093598,0.5242990528450744,0.5130993884002736,0.5218201610094226,0.5320975937910326,0.021805214002811196,0.4967383545222044,0.49522815445884205,0.4957601744036337,0.49857913541523813,0.4965764546999796,0.0012768289492096213,25,2,1.0E-4,1.0E-4,[D@722c41f4,4815162342
0.6329133947306453,0.5964681772129955,0.5972308158318984,0.595109315747754,0.6054304258808234,0.015885483918641294,0.5429509165009281,0.542413059685466,0.5443092857158268,0.5443832083613119,0.5435141175658832,8.539811316678772E-4,25,4,1.0E-4,1.0E-4,[D@722c41f4,4815162342
0.6931677785822007,0.6988749810465558,0.6965323552503343,0.6925612346457642,0.6952840873812137,0.0025663875360415235,0.630019163071191,0.6332499871357944,0.6325483662661225,0.630329770776923,0.6315368218125077,0.0013891020358627454,25,10,1.0E-4,1.0E-4,[D@722c41f4,4815162342
0.6944113065593901,0.6526152261335495,0.6433917793693689,0.6564358163886524,0.6617135321127402,0.019464483889307764,0.5803377950587059,0.5777094558494045,0.5777659965916215,0.5768524039113972,0.5781664128527823,0.0013048623555167946,25,6,1.0E-4,1.0E-4,[D@722c41f4,4815162342
0.682267050929836,0.675020421018349,0.680854915793837,0.688636381718521,0.6816946923651357,0.004841636296380828,0.6049822123951354,0.6077568926584488,0.6069713651159458,0.6064068226253887,0.6065293231987297,0.0010137660065417285,25,8,1.0E-4,1.0E-4,[D@722c41f4,4815162342
0.0,0.0,0.0,0.0,0.0,0.0,0.0,0.0,0.0,0.0,0.0,0.0,100,2,0.01,0.001,[D@722c41f4,4815162342
0.0,0.0,0.0,0.0,0.0,0.0,0.0,0.0,0.0,0.0,0.0,0.0,25,2,0.1,0.001,[D@722c41f4,4815162342
0.0,0.0,0.0,0.0,0.0,0.0,0.0,0.0,0.0,0.0,0.0,0.0,100,6,0.01,0.001,[D@722c41f4,4815162342
0.0,0.0,0.0,0.0,0.0,0.0,0.0,0.0,0.0,0.0,0.0,0.0,100,4,0.01,0.001,[D@722c41f4,4815162342
0.0,0.0,0.0,0.0,0.0,0.0,0.0,0.0,0.0,0.0,0.0,0.0,25,8,0.1,0.001,[D@722c41f4,4815162342
0.0,0.0,0.0,0.0,0.0,0.0,0.0,0.0,0.0,0.0,0.0,0.0,25,10,0.1,0.001,[D@722c41f4,4815162342
0.0,0.0,0.0,0.0,0.0,0.0,0.0,0.0,0.0,0.0,0.0,0.0,25,4,0.1,0.001,[D@722c41f4,4815162342
0.0,0.0,0.0,0.0,0.0,0.0,0.0,0.0,0.0,0.0,0.0,0.0,25,6,0.1,0.001,[D@722c41f4,4815162342
0.7767255042795771,0.7766840262078331,0.7737419419878753,0.7798124797265381,0.7767409880504559,0.0021466149398761706,0.8750382394343666,0.8743023904654328,0.8701161357481202,0.8712726641380306,0.8726823574464876,0.002046180341048029,75,6,0.001,1.0E-4,[D@722c41f4,4815162342
0.7720421964825255,0.766766075674681,0.7633548021469345,0.7664994586962517,0.7671656332500981,0.0031187632744794505,0.8936392667141145,0.8926029793965787,0.8947186207180368,0.8871090197124312,0.8920174716352902,0.0029309616707861026,75,8,0.001,1.0E-4,[D@722c41f4,4815162342
0.7538175967142702,0.75594515364985,0.7577587558153042,0.7546221948494771,0.7555359252572253,0.0014913081343938739,0.905397472415034,0.9096278690785654,0.9064608642999409,0.9064667657963867,0.9069882428974818,0.0015849482369938786,75,10,0.001,1.0E-4,[D@722c41f4,4815162342
0.7912041262325831,0.7893600024845372,0.7906049422789545,0.7923721072773624,0.7908852945683593,0.0010859764050049317,0.8525876706897678,0.8542995639507486,0.8551675692516425,0.849448642950263,0.8528758617106055,0.0021856197071980087,50,8,0.001,1.0E-4,[D@722c41f4,4815162342
0.0,0.0,0.0,0.0,0.0,0.0,0.0,0.0,0.0,0.0,0.0,0.0,100,10,0.01,0.001,[D@722c41f4,4815162342
0.7893653024372327,0.7872603060056839,0.7885886819845958,0.790016703334593,0.7888077484405263,0.00102652406162691,0.8710562677702324,0.8741506611122821,0.873998081823108,0.8688015621263726,0.8720016432079988,0.002221390259732821,50,10,0.001,1.0E-4,[D@722c41f4,4815162342
0.0,0.0,0.0,0.0,0.0,0.0,0.0,0.0,0.0,0.0,0.0,0.0,100,8,0.01,0.001,[D@722c41f4,4815162342
0.7910721348671049,0.7953176234556878,0.793842515470615,0.7919954116937759,0.793056921371796,0.0016427197163504654,0.7682479134494126,0.7711745995251444,0.7654829311738152,0.7689020514449595,0.7684518738983329,0.0020292926987360424,75,2,0.001,1.0E-4,[D@722c41f4,4815162342
0.7833442903308813,0.7823705605276671,0.7839543895904805,0.787424281166963,0.7842733804039979,0.0019048531835082316,0.8369600939458947,0.8388577683548691,0.8369292905698524,0.8345337810153418,0.8368202334714895,0.0015338568738817225,75,4,0.001,1.0E-4,[D@722c41f4,4815162342
0.0,0.0,0.0,0.0,0.0,0.0,0.0,0.0,0.0,0.0,0.0,0.0,100,10,1.0,1.0E-4,[D@722c41f4,4815162342
0.0,0.0,0.0,0.0,0.0,0.0,0.0,0.0,0.0,0.0,0.0,0.0,100,4,0.1,1.0,[D@722c41f4,4815162342
0.0,0.0,0.0,0.0,0.0,0.0,0.0,0.0,0.0,0.0,0.0,0.0,100,10,0.001,1.0E-4,[D@722c41f4,4815162342
0.0,0.0,0.0,0.0,0.0,0.0,0.0,0.0,0.0,0.0,0.0,0.0,100,8,1.0,1.0E-4,[D@722c41f4,4815162342
0.0,0.0,0.0,0.0,0.0,0.0,0.0,0.0,0.0,0.0,0.0,0.0,100,6,0.1,1.0,[D@722c41f4,4815162342
0.0,0.0,0.0,0.0,0.0,0.0,0.0,0.0,0.0,0.0,0.0,0.0,100,2,0.1,1.0,[D@722c41f4,4815162342
0.0,0.0,0.0,0.0,0.0,0.0,0.0,0.0,0.0,0.0,0.0,0.0,100,2,1.0,1.0E-4,[D@722c41f4,4815162342
0.0,0.0,0.0,0.0,0.0,0.0,0.0,0.0,0.0,0.0,0.0,0.0,75,8,0.01,0.001,[D@722c41f4,4815162342
0.7782796575017552,0.7781635925536429,0.7714592599707132,0.7780532847504207,0.7764889486941329,0.0029049950964411286,0.8353219826060185,0.828578692611101,0.8277021305904003,0.8366763774119008,0.8320697958048551,0.003970567151775432,100,2,0.001,1.0E-4,[D@722c41f4,4815162342
0.0,0.0,0.0,0.0,0.0,0.0,0.0,0.0,0.0,0.0,0.0,0.0,75,6,0.01,0.001,[D@722c41f4,4815162342
0.750530172565085,0.7474799213983604,0.7452198158138074,0.7575329295611113,0.750190709834591,0.004639008158264066,0.8944412473063461,0.8904669677222249,0.8920439594151062,0.8883668100105918,0.8913297461135673,0.002220074166308526,100,4,0.001,1.0E-4,[D@722c41f4,4815162342
0.0,0.0,0.0,0.0,0.0,0.0,0.0,0.0,0.0,0.0,0.0,0.0,100,8,0.1,1.0,[D@722c41f4,4815162342
0.0,0.0,0.0,0.0,0.0,0.0,0.0,0.0,0.0,0.0,0.0,0.0,100,6,1.0,1.0E-4,[D@722c41f4,4815162342
0.7515842236673357,0.7394353780717484,0.74319904099058,0.7592638867056417,0.7483706323588264,0.007674214712552083,0.9271141688309783,0.9214224696299175,0.9223225083420481,0.9216390484361969,0.9231245488097852,0.002327236651044694,100,6,0.001,1.0E-4,[D@722c41f4,4815162342
0.0,0.0,0.0,0.0,0.0,0.0,0.0,0.0,0.0,0.0,0.0,0.0,75,10,0.01,0.001,[D@722c41f4,4815162342
0.0,0.0,0.0,0.0,0.0,0.0,0.0,0.0,0.0,0.0,0.0,0.0,100,4,1.0,1.0E-4,[D@722c41f4,4815162342
0.0,0.0,0.0,0.0,0.0,0.0,0.0,0.0,0.0,0.0,0.0,0.0,100,10,0.1,1.0,[D@722c41f4,4815162342
0.7426940646300512,0.0,0.0,0.7221684973117954,0.3662156404854616,0.36628753418645565,0.9397973395703875,0.0,0.0,0.9378441053852671,0.46941036123891366,0.4694108692061999,100,8,0.001,1.0E-4,[D@722c41f4,4815162342
0.0,0.0,0.0,0.0,0.0,0.0,0.0,0.0,0.0,0.0,0.0,0.0,50,8,0.01,0.001,[D@722c41f4,4815162342
0.0,0.0,0.0,0.0,0.0,0.0,0.0,0.0,0.0,0.0,0.0,0.0,50,6,0.01,0.001,[D@722c41f4,4815162342
0.0,0.0,0.0,0.0,0.0,0.0,0.0,0.0,0.0,0.0,0.0,0.0,75,4,0.01,0.001,[D@722c41f4,4815162342
0.0,0.0,0.0,0.0,0.0,0.0,0.0,0.0,0.0,0.0,0.0,0.0,75,2,0.01,0.001,[D@722c41f4,4815162342
0.0,0.0,0.0,0.0,0.0,0.0,0.0,0.0,0.0,0.0,0.0,0.0,50,10,0.01,0.001,[D@722c41f4,4815162342
0.0,0.0,0.0,0.0,0.0,0.0,0.0,0.0,0.0,0.0,0.0,0.0,50,4,0.01,0.001,[D@722c41f4,4815162342
0.0,0.0,0.0,0.0,0.0,0.0,0.0,0.0,0.0,0.0,0.0,0.0,50,2,0.01,0.001,[D@722c41f4,4815162342
0.0,0.0,0.0,0.0,0.0,0.0,0.0,0.0,0.0,0.0,0.0,0.0,25,2,0.01,0.001,[D@722c41f4,4815162342
0.0,0.0,0.0,0.0,0.0,0.0,0.0,0.0,0.0,0.0,0.0,0.0,50,4,1.0,1.0E-4,[D@722c41f4,4815162342
0.0,0.0,0.0,0.0,0.0,0.0,0.0,0.0,0.0,0.0,0.0,0.0,50,2,1.0,1.0E-4,[D@722c41f4,4815162342
0.0,0.0,0.0,0.0,0.0,0.0,0.0,0.0,0.0,0.0,0.0,0.0,100,8,0.1,0.1,[D@722c41f4,4815162342
0.0,0.0,0.0,0.0,0.0,0.0,0.0,0.0,0.0,0.0,0.0,0.0,75,8,1.0,1.0E-4,[D@722c41f4,4815162342
0.0,0.0,0.0,0.0,0.0,0.0,0.0,0.0,0.0,0.0,0.0,0.0,75,6,1.0,1.0E-4,[D@722c41f4,4815162342
0.0,0.0,0.0,0.0,0.0,0.0,0.0,0.0,0.0,0.0,0.0,0.0,100,10,0.1,0.1,[D@722c41f4,4815162342
0.0,0.0,0.0,0.0,0.0,0.0,0.0,0.0,0.0,0.0,0.0,0.0,100,4,0.1,0.1,[D@722c41f4,4815162342
0.0,0.0,0.0,0.0,0.0,0.0,0.0,0.0,0.0,0.0,0.0,0.0,75,10,1.0,1.0E-4,[D@722c41f4,4815162342
0.0,0.0,0.0,0.0,0.0,0.0,0.0,0.0,0.0,0.0,0.0,0.0,100,6,0.1,0.1,[D@722c41f4,4815162342
0.0,0.0,0.0,0.0,0.0,0.0,0.0,0.0,0.0,0.0,0.0,0.0,50,8,1.0,1.0E-4,[D@722c41f4,4815162342
0.0,0.0,0.0,0.0,0.0,0.0,0.0,0.0,0.0,0.0,0.0,0.0,25,6,0.01,0.001,[D@722c41f4,4815162342
0.0,0.0,0.0,0.0,0.0,0.0,0.0,0.0,0.0,0.0,0.0,0.0,50,6,1.0,1.0E-4,[D@722c41f4,4815162342
0.0,0.0,0.0,0.0,0.0,0.0,0.0,0.0,0.0,0.0,0.0,0.0,25,4,0.01,0.001,[D@722c41f4,4815162342
0.0,0.0,0.0,0.0,0.0,0.0,0.0,0.0,0.0,0.0,0.0,0.0,25,10,0.01,0.001,[D@722c41f4,4815162342
0.0,0.0,0.0,0.0,0.0,0.0,0.0,0.0,0.0,0.0,0.0,0.0,75,4,1.0,1.0E-4,[D@722c41f4,4815162342
0.0,0.0,0.0,0.0,0.0,0.0,0.0,0.0,0.0,0.0,0.0,0.0,25,8,0.01,0.001,[D@722c41f4,4815162342
0.0,0.0,0.0,0.0,0.0,0.0,0.0,0.0,0.0,0.0,0.0,0.0,50,10,1.0,1.0E-4,[D@722c41f4,4815162342
0.0,0.0,0.0,0.0,0.0,0.0,0.0,0.0,0.0,0.0,0.0,0.0,75,2,1.0,1.0E-4,[D@722c41f4,4815162342
0.0,0.0,0.0,0.0,0.0,0.0,0.0,0.0,0.0,0.0,0.0,0.0,75,6,1.0,0.01,[D@722c41f4,4815162342
0.0,0.0,0.0,0.0,0.0,0.0,0.0,0.0,0.0,0.0,0.0,0.0,100,2,0.01,1.0,[D@722c41f4,4815162342
0.0,0.0,0.0,0.0,0.0,0.0,0.0,0.0,0.0,0.0,0.0,0.0,75,4,1.0,0.01,[D@722c41f4,4815162342
0.0,0.0,0.0,0.0,0.0,0.0,0.0,0.0,0.0,0.0,0.0,0.0,25,2,0.1,1.0,[D@722c41f4,4815162342
0.0,0.0,0.0,0.0,0.0,0.0,0.0,0.0,0.0,0.0,0.0,0.0,75,2,1.0,0.01,[D@722c41f4,4815162342
0.0,0.0,0.0,0.0,0.0,0.0,0.0,0.0,0.0,0.0,0.0,0.0,100,6,0.01,1.0,[D@722c41f4,4815162342
0.0,0.0,0.0,0.0,0.0,0.0,0.0,0.0,0.0,0.0,0.0,0.0,100,4,0.01,1.0,[D@722c41f4,4815162342
0.0,0.0,0.0,0.0,0.0,0.0,0.0,0.0,0.0,0.0,0.0,0.0,50,10,1.0,0.01,[D@722c41f4,4815162342
0.0,0.0,0.0,0.0,0.0,0.0,0.0,0.0,0.0,0.0,0.0,0.0,25,8,0.1,1.0,[D@722c41f4,4815162342
0.0,0.0,0.0,0.0,0.0,0.0,0.0,0.0,0.0,0.0,0.0,0.0,50,8,1.0,0.01,[D@722c41f4,4815162342
0.0,0.0,0.0,0.0,0.0,0.0,0.0,0.0,0.0,0.0,0.0,0.0,100,2,0.1,0.1,[D@722c41f4,4815162342
0.0,0.0,0.0,0.0,0.0,0.0,0.0,0.0,0.0,0.0,0.0,0.0,50,6,1.0,0.01,[D@722c41f4,4815162342
0.0,0.0,0.0,0.0,0.0,0.0,0.0,0.0,0.0,0.0,0.0,0.0,25,10,0.1,1.0,[D@722c41f4,4815162342
0.0,0.0,0.0,0.0,0.0,0.0,0.0,0.0,0.0,0.0,0.0,0.0,25,4,0.1,1.0,[D@722c41f4,4815162342
0.0,0.0,0.0,0.0,0.0,0.0,0.0,0.0,0.0,0.0,0.0,0.0,50,4,1.0,0.01,[D@722c41f4,4815162342
0.0,0.0,0.0,0.0,0.0,0.0,0.0,0.0,0.0,0.0,0.0,0.0,50,2,1.0,0.01,[D@722c41f4,4815162342
0.0,0.0,0.0,0.0,0.0,0.0,0.0,0.0,0.0,0.0,0.0,0.0,25,6,0.1,1.0,[D@722c41f4,4815162342
0.0,0.0,0.0,0.0,0.0,0.0,0.0,0.0,0.0,0.0,0.0,0.0,75,10,1.0,0.01,[D@722c41f4,4815162342
0.0,0.0,0.0,0.0,0.0,0.0,0.0,0.0,0.0,0.0,0.0,0.0,75,8,1.0,0.01,[D@722c41f4,4815162342
0.0,0.0,0.0,0.0,0.0,0.0,0.0,0.0,0.0,0.0,0.0,0.0,75,4,0.1,0.1,[D@722c41f4,4815162342
0.0,0.0,0.0,0.0,0.0,0.0,0.0,0.0,0.0,0.0,0.0,0.0,100,6,0.1,0.001,[D@722c41f4,4815162342
0.0,0.0,0.0,0.0,0.0,0.0,0.0,0.0,0.0,0.0,0.0,0.0,75,6,0.1,0.1,[D@722c41f4,4815162342
0.0,0.0,0.0,0.0,0.0,0.0,0.0,0.0,0.0,0.0,0.0,0.0,100,8,0.1,0.001,[D@722c41f4,4815162342
0.0,0.0,0.0,0.0,0.0,0.0,0.0,0.0,0.0,0.0,0.0,0.0,100,2,0.1,0.001,[D@722c41f4,4815162342
0.0,0.0,0.0,0.0,0.0,0.0,0.0,0.0,0.0,0.0,0.0,0.0,50,10,0.1,0.1,[D@722c41f4,4815162342
0.0,0.0,0.0,0.0,0.0,0.0,0.0,0.0,0.0,0.0,0.0,0.0,75,2,0.1,0.1,[D@722c41f4,4815162342
0.0,0.0,0.0,0.0,0.0,0.0,0.0,0.0,0.0,0.0,0.0,0.0,100,4,0.1,0.001,[D@722c41f4,4815162342
0.0,0.0,0.0,0.0,0.0,0.0,0.0,0.0,0.0,0.0,0.0,0.0,75,8,0.1,0.1,[D@722c41f4,4815162342
0.0,0.0,0.0,0.0,0.0,0.0,0.0,0.0,0.0,0.0,0.0,0.0,100,10,0.1,0.001,[D@722c41f4,4815162342
0.0,0.0,0.0,0.0,0.0,0.0,0.0,0.0,0.0,0.0,0.0,0.0,75,10,0.1,0.1,[D@722c41f4,4815162342
0.0,0.0,0.0,0.0,0.0,0.0,0.0,0.0,0.0,0.0,0.0,0.0,100,10,1.0,0.01,[D@722c41f4,4815162342
0.0,0.0,0.0,0.0,0.0,0.0,0.0,0.0,0.0,0.0,0.0,0.0,100,8,1.0,0.01,[D@722c41f4,4815162342
0.0,0.0,0.0,0.0,0.0,0.0,0.0,0.0,0.0,0.0,0.0,0.0,100,6,1.0,0.01,[D@722c41f4,4815162342
0.0,0.0,0.0,0.0,0.0,0.0,0.0,0.0,0.0,0.0,0.0,0.0,100,4,1.0,0.01,[D@722c41f4,4815162342
0.0,0.0,0.0,0.0,0.0,0.0,0.0,0.0,0.0,0.0,0.0,0.0,50,6,0.1,0.1,[D@722c41f4,4815162342
0.0,0.0,0.0,0.0,0.0,0.0,0.0,0.0,0.0,0.0,0.0,0.0,100,2,1.0,0.01,[D@722c41f4,4815162342
0.0,0.0,0.0,0.0,0.0,0.0,0.0,0.0,0.0,0.0,0.0,0.0,100,10,0.01,1.0,[D@722c41f4,4815162342
0.0,0.0,0.0,0.0,0.0,0.0,0.0,0.0,0.0,0.0,0.0,0.0,100,8,0.01,1.0,[D@722c41f4,4815162342
0.0,0.0,0.0,0.0,0.0,0.0,0.0,0.0,0.0,0.0,0.0,0.0,50,8,0.1,0.1,[D@722c41f4,4815162342
0.0,0.0,0.0,0.0,0.0,0.0,0.0,0.0,0.0,0.0,0.0,0.0,50,2,0.1,0.1,[D@722c41f4,4815162342
0.0,0.0,0.0,0.0,0.0,0.0,0.0,0.0,0.0,0.0,0.0,0.0,50,4,0.1,0.1,[D@722c41f4,4815162342
0.7916846489056045,0.7930854181136439,0.7908353407365372,0.7921471273048593,0.7919381337651612,8.124571856281174E-4,0.6904186640152775,0.6919055485622507,0.689716617529932,0.68741938348707,0.6898650533986325,0.0016181347093992598,25,4,0.001,1.0E-4,[D@722c41f4,4815162342
0.7895941742740127,0.7872807981111315,0.7892543188452668,0.7922639136841032,0.7895983012286285,0.0017744471937907761,0.7496241709919941,0.7510432630808949,0.7451291429365741,0.7474418639665846,0.7483096102440119,0.002239937704959867,25,6,0.001,1.0E-4,[D@722c41f4,4815162342
0.7905772246488925,0.7898427202550469,0.7920048023130329,0.7908479145915936,0.7908181654521416,7.775824480609287E-4,0.7882346800906596,0.7923953574236138,0.791162494667519,0.7869297381725486,0.7896805675885852,0.0021922502621987217,25,8,0.001,1.0E-4,[D@722c41f4,4815162342
0.7929511701487206,0.7904254791055569,0.7899034726588287,0.7940675030214276,0.7918369062336335,0.0017282533110221218,0.81739917889856,0.8210302016499513,0.8220739589796647,0.8167854932676162,0.819322208198948,0.002270591240230072,25,10,0.001,1.0E-4,[D@722c41f4,4815162342
0.0,0.0,0.0,0.0,0.0,0.0,0.0,0.0,0.0,0.0,0.0,0.0,100,10,0.01,0.1,[D@722c41f4,4815162342
0.7878401431002549,0.790615148571729,0.7930404994610037,0.7966156347405554,0.7920278564683857,0.0032251295384832595,0.5929564370930631,0.5917198456139479,0.5857470335031701,0.589897266463479,0.590080145668415,0.0027281392060833215,25,2,0.001,1.0E-4,[D@722c41f4,4815162342
0.0,0.0,0.0,0.0,0.0,0.0,0.0,0.0,0.0,0.0,0.0,0.0,75,2,0.1,0.001,[D@722c41f4,4815162342
0.0,0.0,0.0,0.0,0.0,0.0,0.0,0.0,0.0,0.0,0.0,0.0,25,2,0.1,0.1,[D@722c41f4,4815162342
0.0,0.0,0.0,0.0,0.0,0.0,0.0,0.0,0.0,0.0,0.0,0.0,25,4,1.0,0.01,[D@722c41f4,4815162342
0.0,0.0,0.0,0.0,0.0,0.0,0.0,0.0,0.0,0.0,0.0,0.0,25,2,1.0,0.01,[D@722c41f4,4815162342
0.0,0.0,0.0,0.0,0.0,0.0,0.0,0.0,0.0,0.0,0.0,0.0,75,4,0.1,0.001,[D@722c41f4,4815162342
0.0,0.0,0.0,0.0,0.0,0.0,0.0,0.0,0.0,0.0,0.0,0.0,25,4,0.1,0.1,[D@722c41f4,4815162342
0.0,0.0,0.0,0.0,0.0,0.0,0.0,0.0,0.0,0.0,0.0,0.0,50,8,0.1,0.001,[D@722c41f4,4815162342
0.0,0.0,0.0,0.0,0.0,0.0,0.0,0.0,0.0,0.0,0.0,0.0,50,10,0.1,0.001,[D@722c41f4,4815162342
0.0,0.0,0.0,0.0,0.0,0.0,0.0,0.0,0.0,0.0,0.0,0.0,25,10,0.1,0.1,[D@722c41f4,4815162342
0.0,0.0,0.0,0.0,0.0,0.0,0.0,0.0,0.0,0.0,0.0,0.0,75,10,0.1,0.001,[D@722c41f4,4815162342
0.0,0.0,0.0,0.0,0.0,0.0,0.0,0.0,0.0,0.0,0.0,0.0,75,6,0.1,0.001,[D@722c41f4,4815162342
0.0,0.0,0.0,0.0,0.0,0.0,0.0,0.0,0.0,0.0,0.0,0.0,25,6,0.1,0.1,[D@722c41f4,4815162342
0.0,0.0,0.0,0.0,0.0,0.0,0.0,0.0,0.0,0.0,0.0,0.0,75,8,0.1,0.001,[D@722c41f4,4815162342
0.0,0.0,0.0,0.0,0.0,0.0,0.0,0.0,0.0,0.0,0.0,0.0,25,8,0.1,0.1,[D@722c41f4,4815162342
0.796102705884512,0.7967055438661905,0.7953995422915738,0.7994374216454553,0.796911303421933,0.0015299397019800133,0.6975482427260351,0.7000235087071609,0.6926117729872582,0.6955749842952799,0.6964396271789335,0.002714466350345136,50,2,0.001,1.0E-4,[D@722c41f4,4815162342
0.7939122506474394,0.7931741918598074,0.7925326970044411,0.7948030170604045,0.7936055391430231,8.463267753374195E-4,0.7836401502988414,0.7858648670648362,0.782601299226808,0.7805827314808607,0.7831722620178365,0.0019039897776313814,50,4,0.001,1.0E-4,[D@722c41f4,4815162342
0.7912588615113915,0.7878838927459891,0.7876756533585216,0.7930672333861941,0.7899714102505241,0.0022841782261557118,0.8264816596326483,0.8285044820718467,0.8229444499338209,0.8242442488279881,0.825543710116576,0.0021266565898148916,50,6,0.001,1.0E-4,[D@722c41f4,4815162342
0.0,0.0,0.0,0.0,0.0,0.0,0.0,0.0,0.0,0.0,0.0,0.0,50,2,0.1,1.0,[D@722c41f4,4815162342
0.0,0.0,0.0,0.0,0.0,0.0,0.0,0.0,0.0,0.0,0.0,0.0,50,4,0.1,0.001,[D@722c41f4,4815162342
0.0,0.0,0.0,0.0,0.0,0.0,0.0,0.0,0.0,0.0,0.0,0.0,25,10,1.0,0.01,[D@722c41f4,4815162342
0.0,0.0,0.0,0.0,0.0,0.0,0.0,0.0,0.0,0.0,0.0,0.0,50,4,0.1,1.0,[D@722c41f4,4815162342
0.0,0.0,0.0,0.0,0.0,0.0,0.0,0.0,0.0,0.0,0.0,0.0,50,6,0.1,0.001,[D@722c41f4,4815162342
0.0,0.0,0.0,0.0,0.0,0.0,0.0,0.0,0.0,0.0,0.0,0.0,25,8,1.0,0.01,[D@722c41f4,4815162342
0.0,0.0,0.0,0.0,0.0,0.0,0.0,0.0,0.0,0.0,0.0,0.0,25,6,1.0,0.01,[D@722c41f4,4815162342
0.0,0.0,0.0,0.0,0.0,0.0,0.0,0.0,0.0,0.0,0.0,0.0,50,2,0.1,0.001,[D@722c41f4,4815162342
0.0,0.0,0.0,0.0,0.0,0.0,0.0,0.0,0.0,0.0,0.0,0.0,100,4,0.01,0.1,[D@722c41f4,4815162342
0.0,0.0,0.0,0.0,0.0,0.0,0.0,0.0,0.0,0.0,0.0,0.0,50,10,0.1,1.0,[D@722c41f4,4815162342
0.0,0.0,0.0,0.0,0.0,0.0,0.0,0.0,0.0,0.0,0.0,0.0,75,2,0.1,1.0,[D@722c41f4,4815162342
0.0,0.0,0.0,0.0,0.0,0.0,0.0,0.0,0.0,0.0,0.0,0.0,100,2,0.01,0.1,[D@722c41f4,4815162342
0.0,0.0,0.0,0.0,0.0,0.0,0.0,0.0,0.0,0.0,0.0,0.0,75,4,0.1,1.0,[D@722c41f4,4815162342
0.0,0.0,0.0,0.0,0.0,0.0,0.0,0.0,0.0,0.0,0.0,0.0,100,8,0.01,0.1,[D@722c41f4,4815162342
0.0,0.0,0.0,0.0,0.0,0.0,0.0,0.0,0.0,0.0,0.0,0.0,50,6,0.1,1.0,[D@722c41f4,4815162342
0.0,0.0,0.0,0.0,0.0,0.0,0.0,0.0,0.0,0.0,0.0,0.0,50,8,0.1,1.0,[D@722c41f4,4815162342
0.0,0.0,0.0,0.0,0.0,0.0,0.0,0.0,0.0,0.0,0.0,0.0,100,6,0.01,0.1,[D@722c41f4,4815162342
0.0,0.0,0.0,0.0,0.0,0.0,0.0,0.0,0.0,0.0,0.0,0.0,75,10,0.1,1.0,[D@722c41f4,4815162342
0.0,0.0,0.0,0.0,0.0,0.0,0.0,0.0,0.0,0.0,0.0,0.0,75,6,0.1,1.0,[D@722c41f4,4815162342
0.0,0.0,0.0,0.0,0.0,0.0,0.0,0.0,0.0,0.0,0.0,0.0,100,10,0.1,0.01,[D@722c41f4,4815162342
0.0,0.0,0.0,0.0,0.0,0.0,0.0,0.0,0.0,0.0,0.0,0.0,75,8,0.1,1.0,[D@722c41f4,4815162342
0.0,0.0,0.0,0.0,0.0,0.0,0.0,0.0,0.0,0.0,0.0,0.0,50,10,0.01,0.1,[D@722c41f4,4815162342
0.0,0.0,0.0,0.0,0.0,0.0,0.0,0.0,0.0,0.0,0.0,0.0,100,8,0.1,0.01,[D@722c41f4,4815162342
0.0,0.0,0.0,0.0,0.0,0.0,0.0,0.0,0.0,0.0,0.0,0.0,75,2,0.01,0.1,[D@722c41f4,4815162342
0.0,0.0,0.0,0.0,0.0,0.0,0.0,0.0,0.0,0.0,0.0,0.0,50,8,0.01,0.1,[D@722c41f4,4815162342
0.0,0.0,0.0,0.0,0.0,0.0,0.0,0.0,0.0,0.0,0.0,0.0,100,6,0.1,0.01,[D@722c41f4,4815162342
0.0,0.0,0.0,0.0,0.0,0.0,0.0,0.0,0.0,0.0,0.0,0.0,100,4,0.1,0.01,[D@722c41f4,4815162342
0.0,0.0,0.0,0.0,0.0,0.0,0.0,0.0,0.0,0.0,0.0,0.0,75,6,0.01,0.1,[D@722c41f4,4815162342
0.0,0.0,0.0,0.0,0.0,0.0,0.0,0.0,0.0,0.0,0.0,0.0,100,2,0.1,0.01,[D@722c41f4,4815162342
0.0,0.0,0.0,0.0,0.0,0.0,0.0,0.0,0.0,0.0,0.0,0.0,75,4,0.01,0.1,[D@722c41f4,4815162342
0.0,0.0,0.0,0.0,0.0,0.0,0.0,0.0,0.0,0.0,0.0,0.0,50,6,1.0,0.1,[D@722c41f4,4815162342
0.0,0.0,0.0,0.0,0.0,0.0,0.0,0.0,0.0,0.0,0.0,0.0,50,2,0.01,0.1,[D@722c41f4,4815162342
0.0,0.0,0.0,0.0,0.0,0.0,0.0,0.0,0.0,0.0,0.0,0.0,50,8,1.0,0.1,[D@722c41f4,4815162342
0.0,0.0,0.0,0.0,0.0,0.0,0.0,0.0,0.0,0.0,0.0,0.0,50,2,1.0,0.1,[D@722c41f4,4815162342
0.0,0.0,0.0,0.0,0.0,0.0,0.0,0.0,0.0,0.0,0.0,0.0,50,6,0.01,0.1,[D@722c41f4,4815162342
0.0,0.0,0.0,0.0,0.0,0.0,0.0,0.0,0.0,0.0,0.0,0.0,50,4,1.0,0.1,[D@722c41f4,4815162342
0.0,0.0,0.0,0.0,0.0,0.0,0.0,0.0,0.0,0.0,0.0,0.0,50,4,0.01,0.1,[D@722c41f4,4815162342
0.7443472897054388,0.7333803450165116,0.7242926361643602,0.7253128935379757,0.7318332911060716,0.00803695524036871,0.9276605724259542,0.925413910451946,0.9278408784240072,0.9237454740454869,0.9261652088368486,0.0016928929789442287,100,8,0.001,0.01,[D@722c41f4,4815162342
0.0,0.0,0.0,0.0,0.0,0.0,0.0,0.0,0.0,0.0,0.0,0.0,75,6,1.0,0.1,[D@722c41f4,4815162342
0.7011079127669945,0.7099916356635159,0.7095513678638836,0.7025492060137815,0.7058000305770439,0.0040070536097320045,0.9409046419301204,0.9416858330765545,0.9373749534405365,0.9416058124434773,0.9403928102226722,0.001768665721848824,100,10,0.001,0.01,[D@722c41f4,4815162342
0.0,0.0,0.0,0.0,0.0,0.0,0.0,0.0,0.0,0.0,0.0,0.0,75,8,1.0,0.1,[D@722c41f4,4815162342
0.7563121561067887,0.7536056387171297,0.7539324588053122,0.7631601990581659,0.7567526131718492,0.003844082406324077,0.8738633743930546,0.8710969338560377,0.8721883103424102,0.8686893523260911,0.8714594927293985,0.00187849334285397,100,4,0.001,0.01,[D@722c41f4,4815162342
0.0,0.0,0.0,0.0,0.0,0.0,0.0,0.0,0.0,0.0,0.0,0.0,50,10,1.0,0.1,[D@722c41f4,4815162342
0.0,0.0,0.0,0.0,0.0,0.0,0.0,0.0,0.0,0.0,0.0,0.0,75,2,1.0,0.1,[D@722c41f4,4815162342
0.7546062197197466,0.7436239312021014,0.745489152339717,0.761014193057606,0.7511833740797926,0.007034383624307717,0.9111815374533734,0.9055679146316397,0.9059719148543597,0.9047297805421903,0.9068627868703909,0.0025333608930525157,100,6,0.001,0.01,[D@722c41f4,4815162342
0.0,0.0,0.0,0.0,0.0,0.0,0.0,0.0,0.0,0.0,0.0,0.0,75,4,1.0,0.1,[D@722c41f4,4815162342
0.0,0.0,0.0,0.0,0.0,0.0,0.0,0.0,0.0,0.0,0.0,0.0,75,10,0.01,0.1,[D@722c41f4,4815162342
0.7826322962559171,0.784690935702515,0.7801861470035963,0.7840705909690315,0.7828949924827651,0.0017330822965954931,0.8090443531382518,0.8058725232456213,0.804315585499666,0.8113277180756626,0.8076400449898005,0.0027270486877616637,100,2,0.001,0.01,[D@722c41f4,4815162342
0.0,0.0,0.0,0.0,0.0,0.0,0.0,0.0,0.0,0.0,0.0,0.0,75,8,0.01,0.1,[D@722c41f4,4815162342
0.0,0.0,0.0,0.0,0.0,0.0,0.0,0.0,0.0,0.0,0.0,0.0,75,10,1.0,0.1,[D@722c41f4,4815162342
0.0,0.0,0.0,0.0,0.0,0.0,0.0,0.0,0.0,0.0,0.0,0.0,25,8,0.01,0.1,[D@722c41f4,4815162342
0.5678571428571428,0.0,0.0,0.0,0.1419642857142857,0.2458893557173674,2.315236073197857E-4,0.0,0.0,0.0,5.788090182994642E-5,1.0025266275737361E-4,25,6,0.01,0.1,[D@722c41f4,4815162342
0.0,0.0,0.0,0.0,0.0,0.0,0.0,0.0,0.0,0.0,0.0,0.0,75,10,0.1,0.01,[D@722c41f4,4815162342
0.0,0.0,0.0,0.0,0.0,0.0,0.0,0.0,0.0,0.0,0.0,0.0,75,8,0.1,0.01,[D@722c41f4,4815162342
0.0,0.0,0.0,0.0,0.0,0.0,0.0,0.0,0.0,0.0,0.0,0.0,25,10,0.01,0.1,[D@722c41f4,4815162342
0.0,0.0,0.0,0.0,0.0,0.0,0.0,0.0,0.0,0.0,0.0,0.0,75,6,0.1,0.01,[D@722c41f4,4815162342
0.0,0.0,0.0,0.0,0.0,0.0,0.0,0.0,0.0,0.0,0.0,0.0,75,4,0.1,0.01,[D@722c41f4,4815162342
0.0,0.0,0.0,0.0,0.0,0.0,0.0,0.0,0.0,0.0,0.0,0.0,50,10,0.1,0.01,[D@722c41f4,4815162342
0.0,0.0,0.0,0.0,0.0,0.0,0.0,0.0,0.0,0.0,0.0,0.0,75,2,0.1,0.01,[D@722c41f4,4815162342
0.0,0.0,0.0,0.0,0.0,0.0,0.0,0.0,0.0,0.0,0.0,0.0,50,8,0.1,0.01,[D@722c41f4,4815162342
0.0,0.0,0.0,0.0,0.0,0.0,0.0,0.0,0.0,0.0,0.0,0.0,50,6,0.1,0.01,[D@722c41f4,4815162342
0.0,0.0,0.0,0.0,0.0,0.0,0.0,0.0,0.0,0.0,0.0,0.0,100,2,1.0,0.1,[D@722c41f4,4815162342
0.0,0.0,0.0,0.0,0.0,0.0,0.0,0.0,0.0,0.0,0.0,0.0,50,4,0.1,0.01,[D@722c41f4,4815162342
0.0,0.0,0.0,0.0,0.0,0.0,0.0,0.0,0.0,0.0,0.0,0.0,50,2,0.1,0.01,[D@722c41f4,4815162342
0.757989940265404,0.7585130748837885,0.7599407490669963,0.7567826370322288,0.7583066003121044,0.0011331164509277316,0.8934355445339217,0.8976796715209814,0.8951940313856068,0.8942490094512255,0.8951395642229338,0.001593100958771716,75,10,0.001,0.01,[D@722c41f4,4815162342
0.7795322651328872,0.7789492218356963,0.7756451350803621,0.7816105691442772,0.7789342977983057,0.0021411916870341355,0.8599657995902004,0.8602663401095086,0.8556566448067455,0.8563948275973347,0.8580709030259472,0.002064488348748716,75,6,0.001,0.01,[D@722c41f4,4815162342
0.7746759918199394,0.7699432345223989,0.7667665350651824,0.7700558448448629,0.7703604015630958,0.0028198838098515725,0.8803535029073631,0.8797722139318048,0.8818941017836612,0.8740214145650461,0.8790103082969689,0.0029828676428939327,75,8,0.001,0.01,[D@722c41f4,4815162342
0.7899318526528049,0.7890779317289346,0.7888629597230238,0.7919212106310143,0.7899484886839444,0.0012070782053057514,0.8613157682651005,0.8648558592637564,0.8647475164493666,0.8594331515085396,0.8625880738716908,0.002311835823799896,50,10,0.001,0.01,[D@722c41f4,4815162342
0.7937491206949787,0.7942759465691035,0.7927986527808807,0.7948183461665528,0.793910516552879,7.44980431731366E-4,0.7486404740442344,0.7511886751156738,0.746271381249004,0.7489071283262341,0.7487519146837865,0.0017412178076299577,75,2,0.001,0.01,[D@722c41f4,4815162342
0.7854841026958109,0.7860798536645435,0.7836966226266695,0.7901298621282135,0.7863476102788094,0.0023532160724473233,0.8203963538003194,0.8228083120483999,0.8206459438906271,0.8180235508823833,0.8204685401554324,0.0016947852379852744,75,4,0.001,0.01,[D@722c41f4,4815162342
0.7921591859925116,0.788846519185656,0.7883667004723732,0.7924817951610124,0.7904635502028883,0.0018681582872642963,0.8145521963839674,0.81664381784214,0.8113556302073874,0.8121378477603035,0.8136723730484496,0.002081203889293654,50,6,0.001,0.01,[D@722c41f4,4815162342
0.7901361091206874,0.7886822294237211,0.7876835831582429,0.7895834743705551,0.7890213490183017,9.304964526106892E-4,0.8420412746869761,0.8441106216051217,0.8448333781114674,0.8385912468645411,0.8423941303170266,0.0024229476776045492,50,8,0.001,0.01,[D@722c41f4,4815162342
0.7978682250923511,0.7986667976870137,0.7973944478884639,0.8010858852016347,0.7987538389673658,0.001421115043220435,0.6821262205502321,0.6841879123438346,0.6770993972863223,0.6799855054986382,0.6808497589197569,0.002626060211334203,50,2,0.001,0.01,[D@722c41f4,4815162342
0.7949067496707537,0.7942451775487666,0.7936416940777415,0.7963090411601228,0.7947756656143462,9.919340486874474E-4,0.7701278776215092,0.7723450198124525,0.7692884952133193,0.7665642457691189,0.7695814096041,0.00206913297815812,50,4,0.001,0.01,[D@722c41f4,4815162342
0.7630005448012726,0.7713806481116499,0.7614467272429276,0.7608457523665813,0.7641684181306078,0.004237567063785835,0.5847585768660881,0.5866149110055825,0.5846560541438381,0.5855091645927716,0.5853846766520701,7.829216936340225E-4,100,4,1.0E-4,0.001,[D@722c41f4,4815162342
0.745132215717907,0.7219070160053785,0.7087051854139576,0.7071698187527857,0.7207285589725072,0.015209603640463027,0.5182569376913109,0.5152549461064174,0.5143636454178132,0.5171115137770813,0.5162467607481557,0.001526305078839583,100,2,1.0E-4,0.001,[D@722c41f4,4815162342
0.0,0.0,0.0,0.0,0.0,0.0,0.0,0.0,0.0,0.0,0.0,0.0,25,10,0.01,1.0,[D@722c41f4,4815162342
0.0,0.0,0.7314967576215928,0.8860206088554303,0.4043793416192558,0.4080531270599944,0.0,0.0,0.8234020814492498,0.0012586640700904053,0.20616518637983505,0.3563622579868938,25,4,0.01,0.1,[D@722c41f4,4815162342
0.7539851511992464,0.7463088277739786,0.7485575648525236,0.7525988708318696,0.7503626036644044,0.003074695333226792,0.8142449081769266,0.8338975178445076,0.8314769000275983,0.8311701686813301,0.8276973736825907,0.007838299246416758,25,2,0.01,0.1,[D@722c41f4,4815162342
0.0,0.0,0.0,0.0,0.0,0.0,0.0,0.0,0.0,0.0,0.0,0.0,25,4,0.01,1.0,[D@722c41f4,4815162342
0.0,0.0,0.0,0.0,0.0,0.0,0.0,0.0,0.0,0.0,0.0,0.0,25,2,0.01,1.0,[D@722c41f4,4815162342
0.0,0.0,0.0,0.0,0.0,0.0,0.0,0.0,0.0,0.0,0.0,0.0,25,10,0.1,0.01,[D@722c41f4,4815162342
0.0,0.0,0.0,0.0,0.0,0.0,0.0,0.0,0.0,0.0,0.0,0.0,25,8,0.01,1.0,[D@722c41f4,4815162342
0.0,0.0,0.0,0.0,0.0,0.0,0.0,0.0,0.0,0.0,0.0,0.0,25,8,0.1,0.01,[D@722c41f4,4815162342
0.0,0.0,0.0,0.0,0.0,0.0,0.0,0.0,0.0,0.0,0.0,0.0,25,6,0.01,1.0,[D@722c41f4,4815162342
0.0,0.0,0.0,0.0,0.0,0.0,0.0,0.0,0.0,0.0,0.0,0.0,25,6,0.1,0.01,[D@722c41f4,4815162342
0.0,0.0,0.0,0.0,0.0,0.0,0.0,0.0,0.0,0.0,0.0,0.0,100,6,0.01,0.01,[D@722c41f4,4815162342
0.0,0.0,0.0,0.0,0.0,0.0,0.0,0.0,0.0,0.0,0.0,0.0,25,4,1.0,0.1,[D@722c41f4,4815162342
0.0,0.0,0.0,0.0,0.0,0.0,0.0,0.0,0.0,0.0,0.0,0.0,25,4,0.1,0.01,[D@722c41f4,4815162342
0.0,0.0,0.0,0.0,0.0,0.0,0.0,0.0,0.0,0.0,0.0,0.0,100,8,0.01,0.01,[D@722c41f4,4815162342
0.0,0.0,0.0,0.0,0.0,0.0,0.0,0.0,0.0,0.0,0.0,0.0,25,6,1.0,0.1,[D@722c41f4,4815162342
0.0,0.0,0.0,0.0,0.0,0.0,0.0,0.0,0.0,0.0,0.0,0.0,25,2,0.1,0.01,[D@722c41f4,4815162342
0.0,0.0,0.0,0.0,0.0,0.0,0.0,0.0,0.0,0.0,0.0,0.0,100,2,0.01,0.01,[D@722c41f4,4815162342
0.0,0.0,0.0,0.0,0.0,0.0,0.0,0.0,0.0,0.0,0.0,0.0,25,2,1.0,0.1,[D@722c41f4,4815162342
0.0,0.0,0.0,0.0,0.0,0.0,0.0,0.0,0.0,0.0,0.0,0.0,100,4,0.01,0.01,[D@722c41f4,4815162342
0.0,0.0,0.0,0.0,0.0,0.0,0.0,0.0,0.0,0.0,0.0,0.0,75,6,0.01,1.0,[D@722c41f4,4815162342
0.7732826451787369,0.7744868379647071,0.7730975423882297,0.777092884314492,0.7744899774615415,0.0015946520479455622,0.7156229863036596,0.7188166903301337,0.7202772166145707,0.7188366312278096,0.7183883811190434,0.0017029008305263268,100,10,1.0E-4,0.001,[D@722c41f4,4815162342
0.0,0.0,0.0,0.0,0.0,0.0,0.0,0.0,0.0,0.0,0.0,0.0,75,4,0.01,1.0,[D@722c41f4,4815162342
0.7688743231751364,0.7712216333336712,0.7726454167682449,0.7700255972657154,0.7706917426356921,0.0014003919020723224,0.682673029640747,0.6868915094141617,0.6850756805879341,0.6827426002625447,0.6843457049763468,0.001759387118490997,100,8,1.0E-4,0.001,[D@722c41f4,4815162342
0.0,0.0,0.0,0.0,0.0,0.0,0.0,0.0,0.0,0.0,0.0,0.0,75,10,0.01,1.0,[D@722c41f4,4815162342
0.0,0.0,0.0,0.0,0.0,0.0,0.0,0.0,0.0,0.0,0.0,0.0,25,8,1.0,0.1,[D@722c41f4,4815162342
0.0,0.0,0.0,0.0,0.0,0.0,0.0,0.0,0.0,0.0,0.0,0.0,100,10,0.01,0.01,[D@722c41f4,4815162342
0.7905736930151868,0.7903285294137501,0.7923280886903479,0.7915367734324789,0.7911917711379408,7.964689264741962E-4,0.7804714994657326,0.7847043730021623,0.7833964521113057,0.7794556221845473,0.782006986690937,0.0021256580704347283,25,8,0.001,0.01,[D@722c41f4,4815162342
0.7687347053281292,0.7683891761214936,0.7668366139373018,0.7702443568666554,0.768551213063395,0.0012110441242453188,0.6423418687005281,0.6418063063137531,0.6379440369627177,0.6366565632563527,0.6396871938083379,0.0024372758319941503,100,6,1.0E-4,0.001,[D@722c41f4,4815162342
0.0,0.0,0.0,0.0,0.0,0.0,0.0,0.0,0.0,0.0,0.0,0.0,75,8,0.01,1.0,[D@722c41f4,4815162342
0.0,0.0,0.0,0.0,0.0,0.0,0.0,0.0,0.0,0.0,0.0,0.0,25,10,1.0,0.1,[D@722c41f4,4815162342
0.7933162035554238,0.7907732005559629,0.7902206901641313,0.7942694944219356,0.7921448971743634,0.001693369151563076,0.8105806514352378,0.8143027945574255,0.8151441333784235,0.8098826393440113,0.8124775546787746,0.0022789235444595837,25,10,0.001,0.01,[D@722c41f4,4815162342
0.0,0.0,0.0,0.0,0.0,0.0,0.0,0.0,0.0,0.0,0.0,0.0,50,8,0.01,1.0,[D@722c41f4,4815162342
0.7919921784327916,0.7945277148180528,0.7916184185337759,0.7933757711975746,0.7928785207455487,0.0011554825161292086,0.6809919247919803,0.682730669989719,0.6803792911889454,0.6784357869984697,0.6806344182422787,0.0015346947156781319,25,4,0.001,0.01,[D@722c41f4,4815162342
0.7900481285982641,0.787796265896185,0.7900643758412117,0.7931016630421246,0.7902526083444463,0.0018859993594488383,0.7411036481721377,0.7426684624644496,0.7365542255404336,0.7387869603800666,0.7397783241392719,0.0023177034543298163,25,6,0.001,0.01,[D@722c41f4,4815162342
0.0,0.0,0.0,0.0,0.0,0.0,0.0,0.0,0.0,0.0,0.0,0.0,50,6,0.01,1.0,[D@722c41f4,4815162342
0.0,0.0,0.0,0.0,0.0,0.0,0.0,0.0,0.0,0.0,0.0,0.0,75,2,0.01,1.0,[D@722c41f4,4815162342
0.0,0.0,0.0,0.0,0.0,0.0,0.0,0.0,0.0,0.0,0.0,0.0,50,10,0.01,1.0,[D@722c41f4,4815162342
0.7895117463623919,0.7919639143566855,0.7951032568700838,0.7968280413513468,0.7933517397351271,0.0028206423729655815,0.5840386193687551,0.582832944278971,0.5773798253579595,0.5814862541733532,0.5814344107947598,0.0025089912815486094,25,2,0.001,0.01,[D@722c41f4,4815162342
0.0,0.0,0.0,0.0,0.0,0.0,0.0,0.0,0.0,0.0,0.0,0.0,50,4,0.01,1.0,[D@722c41f4,4815162342
0.0,0.0,0.0,0.0,0.0,0.0,0.0,0.0,0.0,0.0,0.0,0.0,50,2,0.01,1.0,[D@722c41f4,4815162342
0.7849250242666521,0.7799573024124499,0.7813627195988818,0.7845130896656908,0.7826895339859187,0.0020945344292461862,0.7261585263936697,0.7285418183751091,0.7287289777567595,0.7210579105765339,0.726121808275518,0.0030942765597154163,100,8,0.001,0.1,[D@722c41f4,4815162342
0.8004491998890909,0.7947486798794888,0.7926367958556704,0.7993238705268851,0.7967896365377838,0.003210386878781182,0.6944594534761263,0.6969417660484247,0.6945494155546906,0.691267924211204,0.6943046398226114,0.0020161819648637585,100,6,0.001,0.1,[D@722c41f4,4815162342
0.7725024729005643,0.7653477090825876,0.7706303800895191,0.7703873726679339,0.7697169836851512,0.0026520381361105163,0.7521359227353404,0.7576807953997154,0.7535820158881371,0.750362821417089,0.7534403888600705,0.002700655433094476,100,10,0.001,0.1,[D@722c41f4,4815162342
0.0,0.0,0.0,0.0,0.0,0.0,0.0,0.0,0.0,0.0,0.0,0.0,75,2,0.01,0.01,[D@722c41f4,4815162342
0.0,0.0,0.0,0.0,0.0,0.0,0.0,0.0,0.0,0.0,0.0,0.0,25,2,0.01,1.0E-4,[D@722c41f4,4815162342
0.0,0.0,0.0,0.0,0.0,0.0,0.0,0.0,0.0,0.0,0.0,0.0,75,4,0.01,0.01,[D@722c41f4,4815162342
0.0,0.0,0.0,0.0,0.0,0.0,0.0,0.0,0.0,0.0,0.0,0.0,25,4,0.01,1.0E-4,[D@722c41f4,4815162342
0.0,0.0,0.0,0.0,0.0,0.0,0.0,0.0,0.0,0.0,0.0,0.0,50,8,0.01,0.01,[D@722c41f4,4815162342
0.0,0.0,0.0,0.0,0.0,0.0,0.0,0.0,0.0,0.0,0.0,0.0,25,6,0.01,1.0E-4,[D@722c41f4,4815162342
0.0,0.0,0.0,0.0,0.0,0.0,0.0,0.0,0.0,0.0,0.0,0.0,50,10,0.01,0.01,[D@722c41f4,4815162342
0.0,0.0,0.0,0.0,0.0,0.0,0.0,0.0,0.0,0.0,0.0,0.0,25,8,0.01,1.0E-4,[D@722c41f4,4815162342
0.0,0.0,0.0,0.0,0.0,0.0,0.0,0.0,0.0,0.0,0.0,0.0,75,10,0.01,0.01,[D@722c41f4,4815162342
0.32279479562734886,0.3219440227965792,0.3206473648361318,0.3967975838516771,0.34054594177793424,0.032485901479525126,0.3537790009472735,0.3537684182312847,0.3536030763147822,0.3538300771126626,0.35374514315150074,8.527139544916895E-5,50,2,0.001,1.0,[D@722c41f4,4815162342
0.0,0.0,0.0,0.0,0.0,0.0,0.0,0.0,0.0,0.0,0.0,0.0,25,10,0.01,1.0E-4,[D@722c41f4,4815162342
0.0,0.0,0.0,0.0,0.0,0.0,0.0,0.0,0.0,0.0,0.0,0.0,75,6,0.01,0.01,[D@722c41f4,4815162342
0.8111365107344054,0.8108872318083512,0.8072373457622759,0.810724912346571,0.8099965001629008,0.001599729999340193,0.6528321527484894,0.6546567377749575,0.653487730225595,0.6491893392195411,0.6525414899921458,0.0020427336709839977,100,4,0.001,0.1,[D@722c41f4,4815162342
0.387821298541491,0.3905230494554204,0.45316534925190805,0.3790505157873066,0.4026400532590315,0.029477487536478816,0.355910464097438,0.3557480905199941,0.3560192097286197,0.3558908254352028,0.3558921474453136,9.648117566039312E-5,50,6,0.001,1.0,[D@722c41f4,4815162342
0.0,0.0,0.0,0.0,0.0,0.0,0.0,0.0,0.0,0.0,0.0,0.0,75,8,0.01,0.01,[D@722c41f4,4815162342
0.8295539066656066,0.8137257817799929,0.8094187486653787,0.8280521414150971,0.8201876446315187,0.008765015202376825,0.5859707716726689,0.5861881988033044,0.5852513639027466,0.5847728741118868,0.5855458021226517,5.651071112898114E-4,100,2,0.001,0.1,[D@722c41f4,4815162342
0.4297783466356096,0.4535676078495226,0.3728495188324563,0.4014739168161296,0.41441734753342957,0.03026598733678626,0.3548746126161895,0.35466729374576006,0.3550476925233286,0.3547850141679602,0.3548436532633096,1.3886299371460982E-4,50,4,0.001,1.0,[D@722c41f4,4815162342
0.0,0.0,0.0,0.0,0.0,0.0,0.0,0.0,0.0,0.0,0.0,0.0,75,4,0.01,1.0E-4,[D@722c41f4,4815162342
0.0,0.0,0.0,0.0,0.0,0.0,0.0,0.0,0.0,0.0,0.0,0.0,75,6,0.01,1.0E-4,[D@722c41f4,4815162342
0.0,0.0,0.0,0.0,0.0,0.0,0.0,0.0,0.0,0.0,0.0,0.0,75,8,0.01,1.0E-4,[D@722c41f4,4815162342
0.0,0.0,0.0,0.0,0.0,0.0,0.0,0.0,0.0,0.0,0.0,0.0,75,10,0.01,1.0E-4,[D@722c41f4,4815162342
0.0,0.0,0.0,0.0,0.0,0.0,0.0,0.0,0.0,0.0,0.0,0.0,50,4,0.01,0.01,[D@722c41f4,4815162342
0.0,0.0,0.0,0.0,0.0,0.0,0.0,0.0,0.0,0.0,0.0,0.0,50,6,0.01,0.01,[D@722c41f4,4815162342
0.0,0.0,0.0,0.0,0.0,0.0,0.0,0.0,0.0,0.0,0.0,0.0,50,2,0.01,0.01,[D@722c41f4,4815162342
0.7520137694068364,0.7400013815694673,0.7430718470013206,0.7592553321063931,0.7485855825210044,0.00757769435409753,0.9256311265088851,0.9200191953537948,0.9209081516654171,0.9201770417052171,0.9216838788083286,0.002303488987867668,100,6,0.001,0.001,[D@722c41f4,4815162342
0.8112850871433447,0.8123061533481314,0.8100840947819489,0.8127333612409464,0.8116021741285928,0.0010222866627832025,0.6453973473441859,0.646369965940742,0.6452761750914118,0.6407926575293504,0.6444590364764226,0.0021588265795222626,75,4,0.001,0.1,[D@722c41f4,4815162342
0.7508886589274252,0.7478622425655558,0.7461972028670768,0.7578284467166343,0.750694137769173,0.004449108242018709,0.8926631997454187,0.8888718336725607,0.8903109190591466,0.8866964666486821,0.889635604781452,0.002170498785404769,100,4,0.001,0.001,[D@722c41f4,4815162342
0.8186120846778129,0.821304526728519,0.8072571621897913,0.8221547997838604,0.8173321433449958,0.005961990858056417,0.5688693709551381,0.5696864372095803,0.568106051051732,0.5678502754265317,0.5686280336607455,7.169092475430489E-4,75,2,0.001,0.1,[D@722c41f4,4815162342
0.0,0.0,0.0,0.0,0.0,0.0,0.0,0.0,0.0,0.0,0.0,0.0,100,10,0.001,0.001,[D@722c41f4,4815162342
0.5019884025124856,0.49125109467814426,0.4117641491566715,0.38068390006295566,0.4464218866025642,0.05152653982706724,0.36640898806474986,0.36659160766587884,0.3670189750271335,0.36651704250022427,0.3666341533144966,2.314693366550592E-4,25,4,0.001,1.0,[D@722c41f4,4815162342
0.7931042558016723,0.7882534167240703,0.7892952613745948,0.7936390966490906,0.7910730076373571,0.00233566139531332,0.7226333990956613,0.7253567196865521,0.7254279571993961,0.7181210156046993,0.7228847728965772,0.0029721574510058572,75,8,0.001,0.1,[D@722c41f4,4815162342
0.7428319925184766,0.0,0.7143901777663169,0.7222346303673489,0.5448642001630356,0.3147489356704018,0.9388172019066173,0.0,0.003051235524534758,0.9366383661729738,0.4696267009010315,0.46810296004843494,100,8,0.001,0.001,[D@722c41f4,4815162342
0.0,0.0,0.0,0.0,0.0,0.0,0.0,0.0,0.0,0.0,0.0,0.0,50,2,0.01,1.0E-4,[D@722c41f4,4815162342
0.3684635685014678,0.3655372486567065,0.36281659208569195,0.44623171486410235,0.3857622810269921,0.03496910943601292,0.35993197673037236,0.3598250073918844,0.3602231086311018,0.36041074979923127,0.36009771063814744,2.3213840791532758E-4,25,2,0.001,1.0,[D@722c41f4,4815162342
0.8046054337608732,0.7981898177686482,0.794794089769674,0.8033580138198622,0.8002368387797645,0.003957277079845736,0.6898836353868378,0.6925442838556676,0.6902618576488145,0.6868599395839899,0.6898874291188275,0.0020226703323015308,75,6,0.001,0.1,[D@722c41f4,4815162342
0.5441984575607209,0.5332245790916637,0.5401354756020318,0.6015789087362863,0.5547843552476757,0.027300206449800964,0.3837358392155653,0.3844032283343218,0.3837455814745857,0.3834535515769256,0.3838345501503496,3.486452580310572E-4,25,8,0.001,1.0,[D@722c41f4,4815162342
0.0,0.0,0.0,0.0,0.0,0.0,0.0,0.0,0.0,0.0,0.0,0.0,50,4,0.01,1.0E-4,[D@722c41f4,4815162342
0.46993303107396495,0.4620275532280225,0.4722482464356962,0.4857778878178292,0.4724966796388782,0.008553173556054153,0.3755491034777293,0.3751944303362633,0.3754609812789566,0.37498154954246854,0.3752965161588544,2.2387195782315906E-4,25,6,0.001,1.0,[D@722c41f4,4815162342
0.0,0.0,0.0,0.0,0.0,0.0,0.0,0.0,0.0,0.0,0.0,0.0,50,6,0.01,1.0E-4,[D@722c41f4,4815162342
0.7848774747528583,0.781253556129641,0.7835033571880392,0.7870263170888029,0.7841651762898353,0.002098155871991758,0.7469642279602268,0.7516792570822085,0.7503522180945864,0.7461490567788522,0.7487861899789685,0.002296535348935881,75,10,0.001,0.1,[D@722c41f4,4815162342
0.0,0.0,0.0,0.0,0.0,0.0,0.0,0.0,0.0,0.0,0.0,0.0,50,8,0.01,1.0E-4,[D@722c41f4,4815162342
0.0,0.0,0.0,0.0,0.0,0.0,0.0,0.0,0.0,0.0,0.0,0.0,50,10,0.01,1.0E-4,[D@722c41f4,4815162342
0.530294026096117,0.5179577630555625,0.5336641283277365,0.6372159428449805,0.5547829650810991,0.047950507624183465,0.3905054177305083,0.39086408517744053,0.39102887867551217,0.3900135653982535,0.39060298674542865,3.893884835506948E-4,25,10,0.001,1.0,[D@722c41f4,4815162342
0.0,0.0,0.0,0.0,0.0,0.0,0.0,0.0,0.0,0.0,0.0,0.0,75,2,0.01,1.0E-4,[D@722c41f4,4815162342
0.0,0.0,0.0,0.0,0.0,0.0,0.0,0.0,0.0,0.0,0.0,0.0,100,8,1.0,0.1,[D@722c41f4,4815162342
0.0,0.0,0.0,0.0,0.0,0.0,0.0,0.0,0.0,0.0,0.0,0.0,100,10,1.0,0.1,[D@722c41f4,4815162342
0.0,0.0,0.0,0.0,0.0,0.0,0.0,0.0,0.0,0.0,0.0,0.0,25,2,0.01,0.01,[D@722c41f4,4815162342
0.0,0.0,0.0,0.0,0.0,0.0,0.0,0.0,0.0,0.0,0.0,0.0,100,4,1.0,0.1,[D@722c41f4,4815162342
0.8130752646900812,0.8009538160706753,0.8083846545451837,0.8075429506239472,0.8074891714824719,0.004322039153983319,0.5459846643679936,0.5464666979403093,0.5444832079436328,0.5447789722256504,0.5454283856193965,8.219849628550175E-4,50,2,0.001,0.1,[D@722c41f4,4815162342
0.0,0.0,0.0,0.0,0.0,0.0,0.0,0.0,0.0,0.0,0.0,0.0,100,6,1.0,0.1,[D@722c41f4,4815162342
0.0,0.0,0.0,0.0,0.0,0.0,0.0,0.0,0.0,0.0,0.0,0.0,25,8,0.01,0.01,[D@722c41f4,4815162342
0.8047525887090724,0.8003032402148194,0.7987065384728355,0.8071805768214251,0.8027357360545381,0.003390271863572665,0.6841486140921302,0.686051524584695,0.6835435000478968,0.6816443744033673,0.6838470032820223,0.0015727818860955503,50,6,0.001,0.1,[D@722c41f4,4815162342
0.0,0.0,0.0,0.0,0.0,0.0,0.0,0.0,0.0,0.0,0.0,0.0,25,10,0.01,0.01,[D@722c41f4,4815162342
0.8112206834698427,0.8114282791153354,0.808628054576714,0.8151502233526012,0.8116068101286233,0.002324313287468933,0.6326738986369868,0.6332271831299183,0.632613335894548,0.6276816406661575,0.6315490145819027,0.0022456054124483146,50,4,0.001,0.1,[D@722c41f4,4815162342
0.7788543367073079,0.7795997146181103,0.7719538802709824,0.7790788821619827,0.7773717034395958,0.003139645772003843,0.832905867169347,0.8265769084943829,0.8256001370881643,0.8343943404082925,0.8298693132900465,0.003832829394324217,100,2,0.001,0.001,[D@722c41f4,4815162342
0.0,0.0,0.0,0.0,0.0,0.0,0.0,0.0,0.0,0.0,0.0,0.0,25,4,0.01,0.01,[D@722c41f4,4815162342
0.0,0.0,0.0,0.0,0.0,0.0,0.0,0.0,0.0,0.0,0.0,0.0,100,2,0.01,1.0E-4,[D@722c41f4,4815162342
0.7937588102707102,0.7912565511680704,0.7917482860928879,0.7966121483775693,0.7933439489773095,0.0021069294522692043,0.7498357650138934,0.7536308018282345,0.7536698292127525,0.7487210543362325,0.7514643625977783,0.0022212390819724205,50,10,0.001,0.1,[D@722c41f4,4815162342
0.0,0.0,0.0,0.0,0.0,0.0,0.0,0.0,0.0,0.0,0.0,0.0,100,4,0.01,1.0E-4,[D@722c41f4,4815162342
0.7979576920193759,0.7947049744007704,0.7953550891866531,0.7987884107992441,0.7967015416015109,0.0017126114280025327,0.7208610280467831,0.7243993638772273,0.7240455954515506,0.7178471560521023,0.7217882858569158,0.002660145025136106,50,8,0.001,0.1,[D@722c41f4,4815162342
0.0,0.0,0.0,0.0,0.0,0.0,0.0,0.0,0.0,0.0,0.0,0.0,25,6,0.01,0.01,[D@722c41f4,4815162342
0.32530377661940435,0.39453843653550474,0.3273806557868835,0.3239690929073401,0.3427979904622832,0.029897085432630987,0.35276397317767016,0.3527662825286639,0.352769443565981,0.3527302882199137,0.3527574968730572,1.5828491270315716E-5,100,4,0.001,1.0,[D@722c41f4,4815162342
0.33485758204746957,0.31613206099068103,0.3159528801450799,0.32473790399323826,0.3229201067941172,0.007752862617932421,0.3524789307893431,0.35262137341161215,0.3525186856664665,0.3525376090017811,0.3525391497173007,5.198126193985886E-5,100,2,0.001,1.0,[D@722c41f4,4815162342
0.39449119433358054,0.38708416120582206,0.3914854311350938,0.39446322442172116,0.3918810027740544,0.0030268438416679163,0.353146384301574,0.3531187357379429,0.3530633886171428,0.3530413515501366,0.3530924650516991,4.199840339607892E-5,100,8,0.001,1.0,[D@722c41f4,4815162342
0.3969180900616705,0.32146846454151046,0.37924490532596417,0.3992296826531312,0.37421528564556905,0.031419188391493616,0.3529744649615766,0.3529357443589805,0.3529329618850064,0.35285814098766477,0.35292532804830706,4.211683853936953E-5,100,6,0.001,1.0,[D@722c41f4,4815162342
0.46199912757696987,0.3942275837106429,0.4610841962341966,0.464089077826019,0.44534999633695704,0.029535626221744014,0.3532930266768454,0.3533375914278171,0.3531809791300382,0.35320560751031854,0.3532543011862548,6.360842311559179E-5,100,10,0.001,1.0,[D@722c41f4,4815162342
0.3276677169713959,0.31538395612448905,0.3181303280976965,0.32681822413597605,0.3220000563323894,0.005340521900381584,0.352764528667715,0.35286589807285995,0.3527313478147976,0.35275103013834785,0.3527782011734301,5.198842646379484E-5,75,2,0.001,1.0,[D@722c41f4,4815162342
0.7913848486829207,0.7956307875730972,0.7939019394317836,0.7920813207404845,0.7932497241070715,0.0016536153447586565,0.7665486407425647,0.7695241882827971,0.7638025158283863,0.7672579662110387,0.7667833277661967,0.0020419302040248135,75,2,0.001,0.001,[D@722c41f4,4815162342
0.7882987531452795,0.7928070499066933,0.785322688986932,0.777116974408896,0.7858863666119502,0.005721351198105599,0.51351066055803,0.5123983800920103,0.5095308001173185,0.5118677711380046,0.5118269029763408,0.0014521866472218402,25,2,0.001,0.1,[D@722c41f4,4815162342
0.5053448393746208,0.4449798670075099,0.5125414983860764,0.5076450523510887,0.492627814279824,0.027632055028985667,0.3581864558208834,0.35874051126292755,0.3588919599752356,0.35842273664712443,0.35856041592654275,2.7438910830111243E-4,50,10,0.001,1.0,[D@722c41f4,4815162342
0.789628822604056,0.7873019864560544,0.7885394785783929,0.789986088980643,0.7888640941547866,0.0010475253845666842,0.8702390563787621,0.8732905833599961,0.8731549935419988,0.8681095850868996,0.8711985545919141,0.0021602434559467145,50,10,0.001,0.001,[D@722c41f4,4815162342
0.45491651011226614,0.45674794615283787,0.4493469797638673,0.45143428499611793,0.45311143025627226,0.002892510366702057,0.3568099502298295,0.35683633855080427,0.35726380332763796,0.35693630683151,0.35696159973494546,1.8073093195053005E-4,50,8,0.001,1.0,[D@722c41f4,4815162342
0.3931907104788831,0.39612399522370234,0.39419800102321173,0.38822222759380237,0.39293373357989986,0.0029172104529746885,0.35347708248793364,0.3535954098169222,0.3534045547107163,0.35337961416066227,0.3534641652940586,8.380676357597684E-5,75,6,0.001,1.0,[D@722c41f4,4815162342
0.7994945638286644,0.7961035616564085,0.7974261518225347,0.8008454057095546,0.7984674207542906,0.0018290643896249317,0.6578734207711209,0.6589789428484915,0.6551529455663023,0.6552178142841389,0.6568057808675134,0.001667032570331703,25,6,0.001,0.1,[D@722c41f4,4815162342
0.7769737662650729,0.7768995675561756,0.7740635787110102,0.7806772431638515,0.7771535389240276,0.002348465741307481,0.8737264691155795,0.8729975439390072,0.8688547659192765,0.8699216845709357,0.8713751158861998,0.0020387349839920115,75,6,0.001,0.001,[D@722c41f4,4815162342
0.37939991447776983,0.39499898379214343,0.3219992312973538,0.3262050247287322,0.35565078857399984,0.03206158824704773,0.35327522117788746,0.35322535242341496,0.3531399258719844,0.353209372381018,0.3532124679635762,4.841464885656867E-5,75,4,0.001,1.0,[D@722c41f4,4815162342
0.7832605833546212,0.7825261882135437,0.7842172894946255,0.7874469493708133,0.7843627526084009,0.0018789075966621303,0.8355729236691418,0.8373812361131907,0.8354564330093193,0.8329224423643916,0.8353332587890109,0.0015873608676735696,75,4,0.001,0.001,[D@722c41f4,4815162342
0.7992600982775748,0.8064171125401224,0.80160800368308,0.8080155034871035,0.8038251794969702,0.0035366922106626173,0.5978586363415658,0.5984977866296715,0.5975426922996623,0.5944657123013627,0.5970912068930656,0.001554386972192452,25,4,0.001,0.1,[D@722c41f4,4815162342
0.45567806036509845,0.4587734822010904,0.45707332859894995,0.4592564736892338,0.4576953362135931,0.0014191409646155766,0.3540455927594637,0.3542285528861656,0.3540344768606551,0.35421465826383636,0.35413082019253017,9.10030968559261E-5,75,10,0.001,1.0,[D@722c41f4,4815162342
0.7541177563411244,0.7560885822559591,0.7581174160929085,0.7548570605458469,0.7557952038089597,0.0015143219269987955,0.9042816482941233,0.9084975497970982,0.9056597304825063,0.905345786370725,0.9059461787361133,0.0015590605727130724,75,10,0.001,0.001,[D@722c41f4,4815162342
0.7961649833195007,0.7954416760495396,0.7937867677885224,0.7987002252916644,0.7960234131123067,0.0017696303202735324,0.7373647884268593,0.7401736037513192,0.7422564339497483,0.73706281538637,0.7392144103785742,0.0021345035551997064,25,10,0.001,0.1,[D@722c41f4,4815162342
0.0,0.0,0.0,0.0,0.0,0.0,0.0,0.0,0.0,0.0,0.0,0.0,25,10,0.1,1.0E-4,[D@722c41f4,4815162342
0.46847245828406214,0.40243176416960713,0.4637381331887282,0.39645733647410686,0.43277492302912607,0.033439156648383074,0.3537652789331757,0.35386735356388427,0.35386480946084586,0.3538653287050043,0.3538406926657276,4.355051315985484E-5,75,8,0.001,1.0,[D@722c41f4,4815162342
0.7949376746520915,0.795761629664691,0.7957569548947209,0.7976914076645739,0.7960369167190193,0.00101240246394049,0.7022577189190324,0.7055649978437676,0.7049543594812551,0.7005622488914204,0.7033348312838689,0.0020275538609626606,25,8,0.001,0.1,[D@722c41f4,4815162342
0.7722306275356579,0.7669018091544034,0.7636409902699074,0.7667342543547302,0.7673769203286748,0.003088462288789713,0.8925315072199449,0.891492054807429,0.8935393831666407,0.8858348040746334,0.890849437317162,0.002984320342508717,75,8,0.001,0.001,[D@722c41f4,4815162342
0.0,0.0,0.0,0.0,0.0,0.0,0.0,0.0,0.0,0.0,0.0,0.0,100,6,0.01,1.0E-4,[D@722c41f4,4815162342
0.0,0.0,0.0,0.0,0.0,0.0,0.0,0.0,0.0,0.0,0.0,0.0,25,4,0.1,1.0E-4,[D@722c41f4,4815162342
0.0,0.0,0.0,0.0,0.0,0.0,0.0,0.0,0.0,0.0,0.0,0.0,25,2,0.1,1.0E-4,[D@722c41f4,4815162342
0.0,0.0,0.0,0.0,0.0,0.0,0.0,0.0,0.0,0.0,0.0,0.0,100,8,0.01,1.0E-4,[D@722c41f4,4815162342
0.0,0.0,0.0,0.0,0.0,0.0,0.0,0.0,0.0,0.0,0.0,0.0,100,10,0.01,1.0E-4,[D@722c41f4,4815162342
0.0,0.0,0.0,0.0,0.0,0.0,0.0,0.0,0.0,0.0,0.0,0.0,25,8,0.1,1.0E-4,[D@722c41f4,4815162342
0.0,0.0,0.0,0.0,0.0,0.0,0.0,0.0,0.0,0.0,0.0,0.0,25,6,0.1,1.0E-4,[D@722c41f4,4815162342
0.7939200904790468,0.7932765112022059,0.7927330436468987,0.7948581893518188,0.7936969586699926,7.912257493188754E-4,0.7822853859917137,0.7846128942052665,0.781403084545082,0.7794152238827698,0.781929147156208,0.0018658748904207937,50,4,0.001,0.001,[D@722c41f4,4815162342
0.7960792855876443,0.7967295235629563,0.7956895954443615,0.7996262982792463,0.7970311757185521,0.001543663465705563,0.6961157981348195,0.6986379457502777,0.691157071078518,0.6941879918572766,0.6950247017052229,0.0027342583081193437,50,2,0.001,0.001,[D@722c41f4,4815162342
0.7911788211313744,0.7894423147165607,0.7907368439496021,0.7923281679486186,0.7909215369365389,0.0010328378184106942,0.8516170091196396,0.8533798062797308,0.8541702961743814,0.8484418583660925,0.851902242484961,0.002201299538256764,50,8,0.001,0.001,[D@722c41f4,4815162342
0.7912618642348059,0.788034093715324,0.7878377084493943,0.7937576594495821,0.7902228314622766,0.002452242989272497,0.8253519673049914,0.8274395643726777,0.8218951792717164,0.8231286823191141,0.824453848317125,0.002122732336339652,50,6,0.001,0.001,[D@722c41f4,4815162342
