cummulativemae_fold_0,cummulativemae_fold_1,cummulativemae_fold_2,cummulativemae_fold_3,cummulativemae_fold_4,cummulativemae_avg,cummulativemae_std,cummulativecoverage_fold_0,cummulativecoverage_fold_1,cummulativecoverage_fold_2,cummulativecoverage_fold_3,cummulativecoverage_fold_4,cummulativecoverage_avg,cummulativecoverage_std,numIters,numFactors,learningRate,regularization,ratings,seed
0.5016442947693455,0.5025371147809694,0.5083809397065323,0.5084828749313464,0.507223435798519,0.5056537319973426,0.0029561654693930125,0.2756244146367355,0.27668161574501354,0.2768013399238124,0.27519188521358084,0.2771893087079427,0.27629771284541704,7.579116151149567E-4,100,10,0.04,0.001,[D@394df057,4815162342
0.5316920482983757,0.537713968730693,0.5338251520490638,0.5263386335947701,0.5388771739302851,0.5336893953206375,0.004497816381373782,0.3270905655861048,0.33399601470465745,0.33042326054905546,0.332773798114537,0.33880806795343743,0.3326183413815584,0.003888690029345544,100,6,0.04,0.001,[D@394df057,4815162342
0.5125536877406001,0.5132575898698085,0.5166950374730274,0.5149385109533008,0.514873539812426,0.5144636731698325,0.0014474204299628503,0.2957466283424196,0.29690999014795183,0.2968075524686114,0.2966172682547148,0.2965406664428349,0.2965244211313065,4.105296436744157E-4,75,10,0.03,0.01,[D@394df057,4815162342
0.5122928925075745,0.50900706720508,0.5105245243458165,0.5079395310627122,0.5159809039168544,0.5111489838076075,0.0028261041144771568,0.3109547494740766,0.31421219096577385,0.3150806112033162,0.31253467062785634,0.31082367605368755,0.3127211796649421,0.0017056150256328246,75,8,0.03,0.01,[D@394df057,4815162342
0.5318421655017046,0.5305973083266962,0.5327070643372636,0.5313993896514752,0.531990715293594,0.5317073286221468,6.964096431976594E-4,0.34755309364964593,0.3512582197738752,0.3501734044881842,0.3514873733922024,0.35383975136578033,0.3508623685339376,0.002041475423340244,75,6,0.03,0.01,[D@394df057,4815162342
0.5126405045804333,0.5131396932455655,0.51666251672243,0.5149368203539557,0.5148913301189573,0.5144541730042684,0.001436529635773883,0.29574682112958395,0.2969078658501293,0.29680788415584586,0.29661827769481974,0.29654103789284103,0.296524377344644,4.1015315750218405E-4,50,10,0.03,0.01,[D@394df057,4815162342
0.46732800117233886,0.4863614347859643,0.49227012664147834,0.4841801174294096,0.48896910712705627,0.48382175743124944,0.008677471171786756,0.382317408991924,0.3803753316170829,0.3796732914242004,0.3835070496894522,0.3825459875553048,0.38168381385559286,0.0014299161798339338,75,2,0.03,0.01,[D@394df057,4815162342
0.512404570808205,0.5089634529988643,0.5105830707116328,0.5078884628110637,0.5159583223662154,0.5111595759391963,0.0028437114775655046,0.3109554791537619,0.3142104438416602,0.31508077891076114,0.3125343050314265,0.3108233782734534,0.31272087704221263,0.0017052792426106018,50,8,0.03,0.01,[D@394df057,4815162342
0.4994455596732974,0.5111606928669915,0.5152121334303013,0.4942343973338836,0.5142336612374534,0.5068572889083853,0.008449907730966787,0.3562104050432622,0.3661171733419757,0.36228172634742306,0.3588584911005736,0.35979932494484873,0.36065342415561663,0.0033524800421761876,25,6,0.01,0.01,[D@394df057,4815162342
0.4673881690523786,0.48644548602161747,0.4924109099159482,0.4842819435960059,0.4891809347739293,0.48394148867197584,0.008712992532694802,0.38231868773598593,0.380374979966693,0.37967243818237145,0.38350934716386303,0.382543802954237,0.3816838512006301,0.0014306569256102115,50,2,0.03,0.01,[D@394df057,4815162342
0.4902681149058366,0.5269799329542646,0.5287357213762159,0.5110697547605043,0.5376599019734952,0.5189426851940633,0.016703587207651967,0.3794942469203928,0.39354907575775777,0.38571608419544273,0.38053715764440293,0.39510270117735374,0.38687985313907003,0.006453295029795367,25,4,0.01,0.01,[D@394df057,4815162342
0.5449594659775141,0.5421536252347452,0.5366452601515894,0.525953408046575,0.5221435107594741,0.5343710540339796,0.00892439884749128,0.3667723930292801,0.36814527721275914,0.3636014780960906,0.36312099295855393,0.36095947350503216,0.3645199229603432,0.0025959260894474526,25,6,0.02,0.01,[D@394df057,4815162342
0.5324916515444148,0.5316626637967891,0.5392378271580993,0.5256587062347977,0.5440721140093334,0.5346245925486869,0.006391356224831579,0.3060167388218342,0.3070187922546027,0.30721499508143807,0.3073074530565248,0.3130321876912473,0.3081180333811294,0.002499808036476682,50,6,0.05,0.001,[D@394df057,4815162342
0.4899536266845648,0.5224091142275035,0.5193435647392098,0.5197311784296459,0.5171397764520119,0.5137154521065872,0.011998289217062735,0.38741155051198556,0.3873112257239662,0.39061747565293825,0.38986288029826177,0.3878042156415273,0.3886014695657358,0.0013690644926472359,100,2,0.04,0.001,[D@394df057,4815162342
0.5341087863615362,0.5452163992067492,0.5447552105287911,0.5537442673510692,0.5295977935012376,0.5414844913898766,0.008609546534153727,0.39085082580218616,0.392442927677341,0.3949554153053626,0.39413926816558786,0.39336383240796013,0.39315045387168757,0.0014191583744137131,75,2,0.05,0.001,[D@394df057,4815162342
0.5324986718034735,0.5316775015687522,0.5392890402853947,0.5256294220355482,0.5440726635752117,0.534633459853676,0.006405321264146364,0.30601732111223606,0.3070193067683931,0.30721390498767726,0.3073053236381178,0.3130307030346824,0.30811731190822134,0.002499298221772301,75,6,0.05,0.001,[D@394df057,4815162342
1.0,1.0,1.0,1.0,1.0,1.0,0.0,0.0,0.0,0.0,0.0,0.0,0.0,0.0,100,2,0.02,0.001,[D@394df057,4815162342
0.5341087863615362,0.5452163992067492,0.5447552105287911,0.5537442673510692,0.5295977935012376,0.5414844913898766,0.008609546534153727,0.39085082580218616,0.392442927677341,0.3949554153053626,0.39413926816558786,0.39336383240796013,0.39315045387168757,0.0014191583744137131,25,2,0.05,0.001,[D@394df057,4815162342
0.5183865929317646,0.5350371759324754,0.546899063571749,0.5235505153894708,0.541867763756593,0.5331482223164106,0.010758307155545337,0.3611238571069524,0.35491141351391076,0.3548058585112987,0.3562891979192932,0.3530873368040251,0.356043532771096,0.0027357877441100613,25,4,0.05,0.001,[D@394df057,4815162342
0.5138306069857685,0.5139826973479658,0.5198023921079011,0.5133994708396301,0.5205520086396217,0.5163134351841775,0.003169425445662113,0.2592019290982762,0.25968634029171084,0.25832446402600173,0.2601254130361952,0.2605692108115641,0.25958147145274957,7.754507115576234E-4,25,10,0.05,0.001,[D@394df057,4815162342
0.5463313272638605,0.4500657741985909,0.5313830649004593,0.47244404728460604,0.49738843412804956,0.49952252955511317,0.03574892018282889,0.42609131728042426,0.36863339813127505,0.4150760118355321,0.38796730176842265,0.4162299766924291,0.40279960114161656,0.021264598846403197,100,2,0.01,0.001,[D@394df057,4815162342
0.5168713839414685,0.5280643426627238,0.5420451773008857,0.5109573853264108,0.5478732887007634,0.5291623155864504,0.014140443216912033,0.39169956970583925,0.38468656010493757,0.3805295918329714,0.3838802434879807,0.38118831601928216,0.3843968562302022,0.003973182738583585,100,4,0.04,1.0E-4,[D@394df057,4815162342
0.48992344796121345,0.5223342599172401,0.5193447752333815,0.5197285781358235,0.5171477225105644,0.5136957567516446,0.011999740109108868,0.3874097040585716,0.3873121651058729,0.39062000239374767,0.38986560767168293,0.38780882966734087,0.38860326177944315,0.0013699191867650813,100,2,0.04,1.0E-4,[D@394df057,4815162342
0.5040604739986494,0.5041553745421246,0.5087386604958222,0.5082540636816729,0.5056585025332487,0.5061734150503036,0.0019855339434826933,0.29531477698562625,0.29800744067291374,0.2959180084958332,0.2938402628520132,0.2932313223878302,0.29526236227884334,0.0016802121575330761,100,8,0.04,1.0E-4,[D@394df057,4815162342
0.5016325489001575,0.5026900880708136,0.5084452433621658,0.5085525202798511,0.5069609529961898,0.5056562707218356,0.0029277090888714208,0.2756006889847671,0.27665634972810266,0.27676610778014804,0.2751568644095887,0.2771691102892198,0.27626982423836527,7.603731028121683E-4,25,10,0.04,0.01,[D@394df057,4815162342
0.5041768783209762,0.5043361996910758,0.5089325634138527,0.5084730841092283,0.5057703022992937,0.5063378055668853,0.0020144614834096,0.2953140797045121,0.29820609849092833,0.2959072068134527,0.29382654487803633,0.2932327365055562,0.29529733327849716,0.0017469355790206739,25,8,0.04,0.01,[D@394df057,4815162342
0.49804228983212073,0.49742849000323597,0.5113703582030684,0.5107392454660156,0.5556695091760477,0.5146499785360976,0.021359057226252965,0.3652483479021978,0.36004616738197026,0.36299243651585755,0.3850800103745239,0.37549769707533714,0.3697729318499773,0.00925350218819591,100,10,0.01,0.001,[D@394df057,4815162342
0.5126405045804333,0.5131396932455655,0.51666251672243,0.5149368203539557,0.5148913301189573,0.5144541730042684,0.001436529635773883,0.29574682112958395,0.2969078658501293,0.29680788415584586,0.29661827769481974,0.29654103789284103,0.296524377344644,4.1015315750218405E-4,100,10,0.03,0.01,[D@394df057,4815162342
0.5002844271045123,0.4876231007512924,0.5456469454604289,0.5327059943658324,0.5731785922329519,0.5278878119830036,0.030896764575973096,0.3895974255438045,0.35171664679052594,0.3846640577865369,0.38626744656513934,0.3932485409022548,0.3810988235176523,0.014983856230942416,100,6,0.01,0.001,[D@394df057,4815162342
0.512404570808205,0.5089634529988643,0.5105830707116328,0.5078884628110637,0.5159583223662154,0.5111595759391963,0.0028437114775655046,0.3109554791537619,0.3142104438416602,0.31508077891076114,0.3125343050314265,0.3108233782734534,0.31272087704221263,0.0017052792426106018,100,8,0.03,0.01,[D@394df057,4815162342
0.5318383118138446,0.5305934036484153,0.5327154154340658,0.5313726733717814,0.5320024450824815,0.5317044498701178,7.033165559925738E-4,0.3475533764883286,0.35125633054376365,0.35017124772517555,0.3514864246477481,0.3538360088317235,0.35086067764734785,0.0020403063864874197,100,6,0.03,0.01,[D@394df057,4815162342
0.5235444619193937,0.5275164813113701,0.5451910236027172,0.5243057363687055,0.5452296003401697,0.5331574607084713,0.009931028237614912,0.4216347050288164,0.41257711696149424,0.4040241181101856,0.41070395510275026,0.4123376042898135,0.412255499898612,0.005625701821836045,100,4,0.03,0.01,[D@394df057,4815162342
1.0,1.0,1.0,1.0,1.0,1.0,0.0,0.0,0.0,0.0,0.0,0.0,0.0,0.0,100,2,0.02,1.0E-4,[D@394df057,4815162342
0.4673881690523786,0.4864433731085328,0.4924109099159482,0.48427790833442924,0.4891809347739293,0.4839402590370437,0.00871283970304549,0.38231868773598593,0.38037486069289655,0.37967243818237145,0.3835085004175557,0.382543802954237,0.3816836579966093,0.0014304626875734487,100,2,0.03,0.01,[D@394df057,4815162342
1.0,1.0,1.0,1.0,1.0,1.0,0.0,0.0,0.0,0.0,0.0,0.0,0.0,0.0,100,6,0.02,1.0E-4,[D@394df057,4815162342
1.0,1.0,1.0,1.0,1.0,1.0,0.0,0.0,0.0,0.0,0.0,0.0,0.0,0.0,100,8,0.02,0.001,[D@394df057,4815162342
0.4899448765391565,0.5510318877967848,0.5564813380593103,0.5098545211035719,0.5579218807430579,0.5330469008483762,0.02788213838810874,0.3626476833211879,0.387386790902647,0.38004566835209347,0.3698870726823463,0.3779589593137729,0.3755852349144095,0.008539977186969867,100,10,0.01,1.0E-4,[D@394df057,4815162342
1.0,1.0,0.48328020416730183,0.46976030475045266,1.0,0.7906081017835509,0.2564872888196525,0.0,0.0,0.39589290964548063,0.4003139784453444,0.0,0.159241377618165,0.19503507147056873,100,4,0.02,0.001,[D@394df057,4815162342
0.47642298301252944,0.5084174655097292,0.5695110217174442,0.5188966134609333,0.5171549458902598,0.5180806059181793,0.02991770115762619,0.3580184942135199,0.3837661118826745,0.40514561462564924,0.3800722333519131,0.373577504579351,0.38011599173062155,0.015302669864654785,100,6,0.01,1.0E-4,[D@394df057,4815162342
0.5197804896571594,0.5209959829938243,0.5250348678900381,0.5217844110957641,0.5272992883579374,0.5229790079989447,0.0027742152687512418,0.25810152937734204,0.2573538444121617,0.2564087579431736,0.25901089643265696,0.2583474953741744,0.25784450470790177,8.92372931557075E-4,50,10,0.05,1.0,[D@394df057,4815162342
0.5244961883854171,0.5198576693309037,0.5283074998341092,0.524979635536509,0.519874357316406,0.5235030700806689,0.003246708416851186,0.27578630187720865,0.27488066050882953,0.274536868318514,0.27360626905567664,0.272790369043164,0.27432009376067856,0.001035431885725186,50,8,0.05,1.0,[D@394df057,4815162342
0.5736235850480866,0.5754180262670081,0.5109794562351783,0.5252182624981885,0.517567600114152,0.5405613860325227,0.028097368465270264,0.40263971031502294,0.3971097073048324,0.36775892788566195,0.37438554345972785,0.369881746709602,0.38235512713496944,0.014569217319372543,50,10,0.01,1.0E-4,[D@394df057,4815162342
0.5398036008906931,0.535973285912253,0.5438541144707133,0.532326507414142,0.551040085126704,0.5405995187629011,0.006481914094504714,0.30417234821001365,0.3041137754581104,0.3056092735979583,0.30452270897609374,0.3094457048338492,0.3055727622152051,0.002009648285479957,50,6,0.05,1.0,[D@394df057,4815162342
0.4930352823152547,0.5882778787512469,0.52388888511469,0.526947232199801,0.5881107937005122,0.544052014416301,0.03794452640464812,0.39675488374580997,0.4311556205558091,0.39002933708032467,0.386493693796175,0.39957259362871406,0.40080122576136656,0.015874575651984284,75,6,0.01,1.0E-4,[D@394df057,4815162342
0.5236068435414507,0.5332065954392052,0.5459743078337405,0.5299093444573311,0.5428302542551884,0.5351054691053831,0.008253820731411728,0.3550402024023955,0.34999339967812215,0.3498703057066947,0.35108202607061884,0.34790096646891205,0.3507773800653487,0.002365401774887347,50,4,0.05,1.0,[D@394df057,4815162342
0.5377341210073497,0.5478276944012939,0.5501450264143128,0.560586285334047,0.5365507067629404,0.5465687667839887,0.008823580345577856,0.3902124070272303,0.3907190972451793,0.39296655180176593,0.3931419530119443,0.3922435380130598,0.3918567094198359,0.0011858439511651497,50,2,0.05,1.0,[D@394df057,4815162342
0.48137981994817536,0.48277916050079583,0.47756739628354733,0.48332391276550996,0.48867374190074536,0.4827448062797548,0.003582110665136562,0.4158610831936855,0.4141830381480101,0.40450036770155856,0.404828349291448,0.4127952962593345,0.41043362691880736,0.004810728644898076,75,2,0.02,1.0E-4,[D@394df057,4815162342
0.5397039919616385,0.5382213358804044,0.5389886020113732,0.5399489504126181,0.5411548506599412,0.5396035461851951,9.823034837850477E-4,0.34086590149371193,0.34347621457209293,0.34277447942123784,0.3409229879917207,0.3422455210221477,0.34205702090018225,0.0010265657097089818,50,8,0.02,1.0E-4,[D@394df057,4815162342
0.521471965027294,0.49677512890133424,0.490622237058875,0.4973928154405538,0.49896512588839487,0.5010454544632903,0.010599915226982714,0.36312569645641696,0.3578299862762,0.3515636302727526,0.35835022143907136,0.3556050490448692,0.35729491669786195,0.003770974858429326,75,6,0.02,1.0E-4,[D@394df057,4815162342
0.5198019370129768,0.5210695183788626,0.5250347226702176,0.5218427691782123,0.5274014507622873,0.5230300796005113,0.002785745522445087,0.25810157477522316,0.25735439145742367,0.2564074492096934,0.2590095756765494,0.25834688761689356,0.2578439757471566,8.923230438549781E-4,75,10,0.05,1.0,[D@394df057,4815162342
0.5016388363727748,0.5026817493714595,0.5083979672858233,0.5084728449773345,0.5073300462639023,0.505704288854259,0.0029403245555071392,0.27563632333265004,0.2766858046885206,0.2768059093067635,0.27519268783778394,0.27711970349831533,0.27628808573280667,7.406214288106171E-4,75,10,0.04,1.0E-4,[D@394df057,4815162342
0.5237938000367728,0.5137014555281495,0.4953776837774058,0.5057985515565407,0.5286651688469727,0.5134673319491683,0.01203088165576664,0.36408221419522074,0.3627570712549711,0.35475330236760255,0.3594686231202718,0.3631404851592964,0.36084033921947245,0.0034178329125809223,50,6,0.02,1.0E-4,[D@394df057,4815162342
0.5451440188161919,0.558501880491883,0.49962128720134014,0.5491084829031541,0.5697922510520027,0.5444335840929144,0.023964474968552113,0.41714754462781617,0.41500367720193587,0.3984313863929579,0.41222619169181757,0.4179292697549398,0.41214761393389343,0.00713757691078549,50,4,0.02,1.0E-4,[D@394df057,4815162342
0.48983549472392646,0.5222943935809449,0.5192282172715177,0.5195500629721747,0.5169493978070365,0.51357151327112,0.011988650282549128,0.38740832369077016,0.3873119888593154,0.39062084734113534,0.3898646383438354,0.38781000535679827,0.3886031607183709,0.0013701270617693902,75,2,0.04,1.0E-4,[D@394df057,4815162342
0.5040638243284754,0.5041553745421246,0.5087386604958222,0.5082540636816729,0.5056585025332487,0.5061740851162687,0.0019848212052739514,0.2953160866779875,0.29800744067291374,0.2959180084958332,0.2938402628520132,0.2932313223878302,0.2952626242173156,0.001680220410429966,50,8,0.04,1.0E-4,[D@394df057,4815162342
0.531689109428256,0.5377238947345582,0.5338394862455695,0.5263249594217775,0.5388312322595941,0.5336817364179509,0.0044938617330580665,0.32709611183893733,0.333997539192003,0.33041777476497153,0.3327753033170251,0.33880559510913477,0.3326184648444143,0.0038870668843781525,75,6,0.04,1.0E-4,[D@394df057,4815162342
0.5168709491639268,0.5280553384596267,0.5420526818305418,0.5109508418122314,0.5478466414018635,0.5291552905336381,0.014136662903582328,0.3916977018140101,0.38468579091972316,0.38052896634861405,0.3838782975359733,0.38118682430906603,0.38439551618547735,0.003972898204207653,75,4,0.04,1.0E-4,[D@394df057,4815162342
0.5244961883854171,0.5198576693309037,0.5283074998341092,0.524979635536509,0.519874357316406,0.5235030700806689,0.003246708416851186,0.27578630187720865,0.27488066050882953,0.274536868318514,0.27360626905567664,0.272790369043164,0.27432009376067856,0.001035431885725186,100,8,0.05,1.0,[D@394df057,4815162342
0.5398036008906931,0.535973285912253,0.5438541144707133,0.532326507414142,0.551040085126704,0.5405995187629011,0.006481914094504714,0.30417234821001365,0.3041137754581104,0.3056092735979583,0.30452270897609374,0.3094457048338492,0.3055727622152051,0.002009648285479957,100,6,0.05,1.0,[D@394df057,4815162342
0.5053365060588365,0.5049330537952855,0.5177821337664029,0.5558003681816757,0.5263088201001469,0.5220321763804696,0.018696356446758766,0.36223723339535385,0.36776778685716394,0.3771351393615648,0.39587035261909514,0.36300689636382266,0.3732034817194001,0.012514157598913304,50,6,0.01,1.0E-4,[D@394df057,4815162342
0.496830775887972,0.5530014984158185,0.5179050993903334,0.5203834611602087,0.5263922044486031,0.5229026078605872,0.01805093964545586,0.40988765296709484,0.43094597646993815,0.39038399528496026,0.39695987214387823,0.39822834946881563,0.40528116926693747,0.014288555325233711,50,4,0.01,1.0E-4,[D@394df057,4815162342
0.5397064140299229,0.5382591970995667,0.5390219636025109,0.5399494528930843,0.5411122844197076,0.5396098624089584,9.541318143128833E-4,0.340865719444398,0.3434789511687875,0.34277431761088356,0.3409238245028376,0.34224576622154096,0.3420577157896895,0.0010271665761155857,25,8,0.02,1.0E-4,[D@394df057,4815162342
0.5125536877406001,0.5132575898698085,0.5166950374730274,0.5149385109533008,0.514873539812426,0.5144636731698325,0.0014474204299628503,0.2957466283424196,0.29690999014795183,0.2968075524686114,0.2966172682547148,0.2965406664428349,0.2965244211313065,4.105296436744157E-4,25,10,0.03,0.01,[D@394df057,4815162342
0.5447565679628675,0.5233346294907849,0.5283931588912996,0.5324998303319767,0.5380352803258684,0.5334038934005594,0.007451816296830612,0.36673304064877926,0.3613842632145113,0.3614243669283528,0.3635544934188017,0.3644416049690734,0.3635075538359037,0.002006312576770478,25,6,0.02,1.0E-4,[D@394df057,4815162342
0.5122928925075745,0.50900706720508,0.5105245243458165,0.5079395310627122,0.5159809039168544,0.5111489838076075,0.0028261041144771568,0.3109547494740766,0.31421219096577385,0.3150806112033162,0.31253467062785634,0.31082367605368755,0.3127211796649421,0.0017056150256328246,25,8,0.03,0.01,[D@394df057,4815162342
0.5236142927916172,0.5275630006758264,0.5449980639780058,0.5240627563401844,0.5445525807970729,0.5329581389165414,0.009746113956127775,0.42165250267075627,0.4125846142282556,0.4041483409840191,0.41078036332498524,0.41280132266124553,0.4123934287738524,0.005594941135241051,100,4,0.03,1.0E-4,[D@394df057,4815162342
0.523513127199047,0.5276785094303861,0.5451538303950537,0.5243190734985037,0.5452409140381529,0.5331810909122287,0.009910288618572662,0.42163563549144895,0.4126181051276926,0.40403061139384905,0.41074682769167997,0.4123480743994208,0.41227585082081825,0.005622273708633204,25,4,0.03,0.01,[D@394df057,4815162342
0.4674075077386017,0.48638654064964815,0.4916816641378263,0.4842070898616435,0.4890926431672308,0.4837550891109901,0.008552103057904681,0.3823272201645248,0.38038830254355627,0.3800372157116009,0.3835931597018588,0.382551875150156,0.3817795546543393,0.0013532854211018921,100,2,0.03,1.0E-4,[D@394df057,4815162342
0.5347524354765401,0.5316441771465993,0.4947765667257555,0.5226408125679685,0.504683026799534,0.5176994037432795,0.0155213571791379,0.37139129627592393,0.3715109410967731,0.3627977340981054,0.3689486198130764,0.36199346155452733,0.36732841056768123,0.004137979945548602,25,8,0.01,1.0E-4,[D@394df057,4815162342
0.5138660056500078,0.5157519662766372,0.5180072343102046,0.5143351180212743,0.521146395168864,0.5166213438853975,0.0026822123818733383,0.2589076560906139,0.2594511361953697,0.25796709602631906,0.25994375188999286,0.2603829694353662,0.2593305219275323,8.409506821856985E-4,75,10,0.05,0.1,[D@394df057,4815162342
0.5198913098060177,0.514717441901067,0.5228948092645952,0.5186536067577427,0.5154335147275396,0.5183181364913925,0.002993973697403553,0.2777733758325979,0.277014222834433,0.2774760747465713,0.2756555289034633,0.27496271386410925,0.276576383236235,0.001084973838209035,75,8,0.05,0.1,[D@394df057,4815162342
0.5108970227720634,0.5872282300237687,0.5099581271765738,0.5269945301020622,0.5205963645104652,0.5311348549169866,0.02874958242552137,0.3705832830164322,0.3957415695902984,0.3712706918728271,0.37243178481909756,0.36809339930938184,0.37562414572160735,0.010158512784808473,25,10,0.01,1.0E-4,[D@394df057,4815162342
0.5186569211712705,0.5346375655509683,0.5472422609983634,0.5267525911137767,0.5416083264264241,0.5337795330521605,0.010211195545330119,0.36049735551746415,0.3544164549162266,0.3542949685038603,0.3557190156876812,0.35263061900102355,0.3555116827252512,0.0026788193586570457,75,4,0.05,0.1,[D@394df057,4815162342
0.5350064813790365,0.5458636119336369,0.5450659093774334,0.5547453148182687,0.5304055211206103,0.5422173677257971,0.008600876081498211,0.3907384050829999,0.3922337067262392,0.39469076721727236,0.3940885496917538,0.3932434650487525,0.3929989787534035,0.0014003514687158326,75,2,0.05,0.1,[D@394df057,4815162342
0.5134942831518744,0.5141091063773189,0.4946192968318829,0.49638524749117263,0.4779725662370891,0.4993161000178675,0.0134614278966575,0.40733703524001463,0.4050625975424164,0.4015702670762637,0.3890441551002652,0.3917451204647434,0.39895183508474064,0.007274723965089471,25,2,0.01,1.0E-4,[D@394df057,4815162342
0.5331890795859178,0.5316786011137339,0.5397368128076531,0.5261448784301174,0.5475980727598806,0.5356694889394606,0.007370645249405534,0.30575137336066405,0.30705144046619476,0.30686550858052997,0.30693084433791334,0.3129416407719031,0.307908161503441,0.002559839586154234,50,6,0.05,0.1,[D@394df057,4815162342
0.5138412813659854,0.5156820038901995,0.5180073797691672,0.5142764520744223,0.5211222607247782,0.5165858755649105,0.0026937959351414982,0.2589076106927328,0.2594500165962075,0.2579684047597992,0.2599450726461004,0.2603838903709628,0.25933099901316053,8.409224211838982E-4,100,10,0.05,0.1,[D@394df057,4815162342
0.5341831700723412,0.5452522329982803,0.5447620399718066,0.5538352304923787,0.5296666674911815,0.5415398682051977,0.008607367537601409,0.39085036784547367,0.39244247906653723,0.39495488450800803,0.3941405113688088,0.39336221474926386,0.3931500915076183,0.0014193413848925284,100,2,0.05,0.001,[D@394df057,4815162342
0.5198879107224452,0.5145351690504043,0.5228949465526791,0.5186333361273202,0.5154282549013863,0.518275923470847,0.0030385549477465715,0.2777742187477965,0.2770123208533791,0.27747738348005146,0.27565659908815415,0.2749638397891489,0.27657687239170603,0.0010847074268753028,100,8,0.05,0.1,[D@394df057,4815162342
0.5183873422798764,0.5349852265062193,0.5468857627902102,0.5235256343567042,0.5419624545566624,0.5331492840979345,0.01077277183928158,0.3611254614333624,0.3549100046493278,0.35480565726421726,0.35628872222330166,0.3530872981076699,0.3560434287355759,0.0027365182952186545,100,4,0.05,0.001,[D@394df057,4815162342
0.5040630392009436,0.5042567988706111,0.5087385372101983,0.5082364092595776,0.5056639511916956,0.5061917471466053,0.001960651611222934,0.29531512662260245,0.29800903035184034,0.295916699762353,0.293837510801601,0.29323137230501245,0.2952619479686818,0.0016810858555859646,25,8,0.04,1.0E-4,[D@394df057,4815162342
0.5316896259970099,0.5377409516489593,0.5338430976209101,0.5263347546502125,0.5388331144796371,0.5336883088793458,0.004494138197749402,0.32709611183893733,0.33400815665104516,0.3304224680357323,0.3327780129052087,0.33880836929959735,0.3326226237461042,0.003888195321326873,25,6,0.04,1.0E-4,[D@394df057,4815162342
0.5016388363727748,0.5026817493714595,0.5083979672858233,0.5084728449773345,0.5073300462639023,0.505704288854259,0.0029403245555071392,0.27563632333265004,0.2766858046885206,0.2768059093067635,0.27519268783778394,0.27711970349831533,0.27628808573280667,7.406214288106171E-4,25,10,0.04,1.0E-4,[D@394df057,4815162342
0.5123432269854401,0.508926106616305,0.510389771742346,0.5079058733439568,0.51601607959754,0.5111162116571176,0.002868617073575087,0.3109825919099334,0.31422371225229295,0.31506363933250725,0.3125444877387547,0.3107572389561019,0.31271433403791804,0.0017120430884565781,100,8,0.03,1.0E-4,[D@394df057,4815162342
0.531825859570232,0.5306042833671227,0.5326458247653109,0.5313597633216314,0.5319017372209361,0.5316674936490466,6.726359560735744E-4,0.34755003251332145,0.3512323547702047,0.3501690635193173,0.3514837533836436,0.35381602838594334,0.3508502465144861,0.0020346312937637025,100,6,0.03,1.0E-4,[D@394df057,4815162342
0.48983549472392646,0.5223072256958279,0.5192282172715177,0.5195517133637642,0.5169493978070365,0.5135744097724146,0.011990683077502074,0.38740832369077016,0.3873206564632789,0.39062084734113534,0.3898654993983402,0.38781000535679827,0.38860506645006454,0.001368655413609211,25,2,0.04,1.0E-4,[D@394df057,4815162342
0.5126010317760322,0.5131617849806891,0.5167914173348733,0.51492869526694,0.5148506403824631,0.5144667139481995,0.0014797757708244089,0.2957714741209101,0.296913632118919,0.29682165810870426,0.2966453179223538,0.29652891023743116,0.29653619850166363,4.0514364563015053E-4,100,10,0.03,1.0E-4,[D@394df057,4815162342
0.5070336286817021,0.5349737322849619,0.5915334574303825,0.5126673902016499,0.5174915217202618,0.5327399460637916,0.030847701622141056,0.3835036247260411,0.38868752203320195,0.4446364865521232,0.3864725782388759,0.39001941717528266,0.39866392574510495,0.02309197344359229,25,4,0.01,1.0,[D@394df057,4815162342
0.5198958201432528,0.514717441901067,0.5229016593816981,0.5186539698709525,0.5154335147275396,0.518320481204902,0.0029965503037664635,0.2777752435677913,0.277014222834433,0.27747761585292624,0.2756555289034633,0.27496271386410925,0.2765770650045446,0.0010856416589647478,25,8,0.05,0.1,[D@394df057,4815162342
0.5019217859623143,0.5031735079369931,0.5095343241564037,0.5090111065171098,0.507936913260716,0.5063155275667073,0.003144294565466575,0.2753904342441704,0.2764062152311897,0.27651045397046026,0.2750090672175979,0.27698498101247837,0.2760602303351793,7.390725794524203E-4,75,10,0.04,0.1,[D@394df057,4815162342
1.0,1.0,1.0,1.0,1.0,1.0,0.0,0.0,0.0,0.0,0.0,0.0,0.0,0.0,100,10,0.02,0.1,[D@394df057,4815162342
0.5331955774632423,0.5316935230650074,0.5397911611052788,0.526115668773075,0.5475981515129423,0.5356788163839091,0.007382205085568693,0.305751955651066,0.30705195497998516,0.30686551168536585,0.3069287149195064,0.3129402472217573,0.30790767689153614,0.0025593215134006525,25,6,0.05,0.1,[D@394df057,4815162342
0.5049226352456891,0.5047156026061403,0.5082397952590065,0.5089788060100483,0.5067409391661992,0.5067195556574167,0.0017123404249365147,0.2954123308576525,0.2983342522537511,0.2963923757969538,0.2940044925244726,0.29353272951532045,0.29553523618963007,0.0017284382605898061,75,8,0.04,0.1,[D@394df057,4815162342
0.5342761396694389,0.533473016031043,0.5334458126022057,0.531628386919321,0.5380417916969145,0.5341730293837845,0.0021200010273525536,0.34812451177986176,0.3534471257121346,0.35100006904902,0.35185068001920006,0.3572065886021829,0.35232579503247985,0.0029904378606145105,100,6,0.03,1.0,[D@394df057,4815162342
0.5186569211712705,0.5346413940241392,0.5472422609983634,0.5267525911137767,0.5416087684536577,0.5337803871522415,0.01021132777378698,0.36049735551746415,0.3544172898906642,0.3542949685038603,0.3557190156876812,0.3526307404762491,0.3555118740151838,0.0026787249720857465,25,4,0.05,0.1,[D@394df057,4815162342
0.5122404436817987,0.5077094352765363,0.5126220621578428,0.5081857449143273,0.5147771701855961,0.5111069712432202,0.0027249746580375184,0.3113421793426531,0.3154509713130407,0.3154233081241267,0.31270734721502896,0.3107530164869301,0.31313536449635593,0.0019834825333198028,100,8,0.03,1.0,[D@394df057,4815162342
1.0,1.0,1.0,1.0,1.0,1.0,0.0,0.0,0.0,0.0,0.0,0.0,0.0,0.0,100,6,0.02,0.1,[D@394df057,4815162342
0.5350064813790365,0.5459072117558097,0.5450659093774334,0.5547453148182687,0.5304055211206103,0.5422260876902317,0.008604589691555965,0.3907384050829999,0.39224079510458126,0.39469076721727236,0.3940885496917538,0.3932434650487525,0.3930003964290719,0.0013995793868468254,25,2,0.05,0.1,[D@394df057,4815162342
0.5185034951863995,0.5180346418414339,0.5554330566291331,0.44502527381877494,0.5202322694899687,0.511445747393142,0.03610260652137984,0.4095360266341708,0.3882647997702787,0.4105236359321985,0.36775912202194316,0.3994031043513539,0.395097337741989,0.015868507508668993,100,4,0.01,0.1,[D@394df057,4815162342
0.48477241405734156,0.4889425632340128,0.5297080472331691,0.5495862967953979,0.48659513060008386,0.507920890384001,0.026688960950236935,0.39894489707469905,0.39296623586660384,0.4371645980746531,0.4238382112335057,0.3928603517407921,0.40915485879805075,0.01806638936885258,100,2,0.01,0.1,[D@394df057,4815162342
0.5135491454206775,0.4779824252032224,0.5284123820427696,0.49000149635217044,0.49024655510236814,0.5000384008242416,0.018279544766524956,0.378763530499825,0.34443521526235366,0.38319518771036726,0.36370005753904516,0.36483674278814004,0.36698614675994623,0.013604430215923322,100,8,0.01,0.1,[D@394df057,4815162342
0.5327243581767521,0.5277989168301014,0.48623268716559287,0.5200962436892798,0.5119409066568914,0.5157586225037235,0.01635833514646826,0.397615503985204,0.3763884086289823,0.36513185875574866,0.3712118122427566,0.3751704083306442,0.37710359838866714,0.010982009699700429,100,6,0.01,0.1,[D@394df057,4815162342
1.0,1.0,0.4750902829561985,1.0,1.0,0.8950180565912398,0.2099638868175206,0.0,0.0,0.3941102402786165,0.0,0.0,0.0788220480557233,0.1576440961114466,100,4,0.02,0.1,[D@394df057,4815162342
1.0,1.0,1.0,1.0,1.0,1.0,0.0,0.0,0.0,0.0,0.0,0.0,0.0,0.0,100,2,0.02,0.1,[D@394df057,4815162342
0.5186576710443844,0.5346443449135303,0.5472288280478638,0.5267304159747148,0.5417043357462128,0.5337931191453412,0.010225397522060368,0.36049895984387403,0.3544172241014409,0.35429476725677894,0.35571974729033384,0.35263058030466876,0.3555122557594193,0.002679391586680339,50,4,0.05,0.1,[D@394df057,4815162342
0.5082847715360642,0.5072861061911865,0.4998964169083137,0.5034666204258695,0.49237155554123346,0.5022610941205335,0.005768594303968618,0.35894764278884855,0.3612585900821075,0.35827888495429133,0.35971796069614875,0.3551319395136679,0.35866700360701276,0.0020271607654119093,75,6,0.02,1.0,[D@394df057,4815162342
0.4882047318984941,0.5215834126323207,0.5265016362340553,0.5223643701633722,0.5161164572578588,0.5149541216372202,0.013777410868305034,0.3860075201163631,0.38575255687704496,0.3889378321571342,0.387828011903746,0.38617915307647926,0.3869410148261535,0.001235987157262169,25,2,0.04,1.0,[D@394df057,4815162342
0.5350820037504586,0.5458998192446695,0.545072761251465,0.5548347322141338,0.5304750251299327,0.5422728683181319,0.008598746828780045,0.39073794712628773,0.3922332581154353,0.3946902364199177,0.39408979289497464,0.3932418473900564,0.39299861638933437,0.0014005573617923575,50,2,0.05,0.1,[D@394df057,4815162342
0.5125142325459429,0.5132796785220033,0.5168238401406444,0.5149303857284742,0.5148328538290804,0.5144761981532291,0.001491702436666381,0.29577128133374575,0.29691575641674167,0.2968213264214698,0.2966443084822489,0.296528538787425,0.2965362422883262,4.0551370996919295E-4,75,10,0.03,1.0E-4,[D@394df057,4815162342
0.4673479692736017,0.48630471960389987,0.49154028087386503,0.48410935729724874,0.48888078331545726,0.4836366220728146,0.008516237228064596,0.3823259414204632,0.3803887734677428,0.3800380689534299,0.3835917089737553,0.3825540597512238,0.38177971051332305,0.0013527264730665968,75,2,0.03,1.0E-4,[D@394df057,4815162342
0.5136601666353847,0.5087068601730251,0.5138459090031182,0.5149083014768676,0.5084660812186306,0.5119174637014051,0.0027539441336302695,0.29779536821819225,0.2984889457396373,0.2960603053784888,0.2950789244062707,0.2942937184596945,0.29634345244045673,0.001586935015827739,25,8,0.04,1.0,[D@394df057,4815162342
0.5365754621949489,0.5376476922144067,0.5436256635910728,0.5458908132530961,0.5370450767615755,0.5401569416030199,0.003839696507956297,0.3401209162265571,0.33202666317258395,0.3300770545325312,0.33400822346942355,0.33194388863909663,0.3336353492080385,0.003473096180101979,75,10,0.02,1.0,[D@394df057,4815162342
0.539198101103024,0.5419401529944573,0.5428137775287004,0.5302056885043912,0.5428937542313829,0.5394102948723912,0.004793499139478642,0.3296883973271215,0.3324292300805004,0.3312583567847202,0.33175111002850943,0.3374467597815261,0.33251477080047553,0.0026260987600805748,25,6,0.04,1.0,[D@394df057,4815162342
0.5236142927916172,0.5276373198915986,0.5449980639780058,0.5240878619842829,0.544557152397777,0.5329789382086563,0.009734424836919874,0.42165250267075627,0.4126017447161601,0.4041483409840191,0.41079759238850716,0.41280611479190177,0.4124012591102689,0.005594140051333142,50,4,0.03,1.0E-4,[D@394df057,4815162342
0.4686317692011467,0.4809485464092449,0.48635882658945473,0.4815042384391263,0.4835305624170653,0.4801947886112076,0.0060845538641465455,0.37755962667136056,0.3753454904074681,0.3745054737089345,0.378739908473489,0.37624265802994433,0.3764786314582393,0.0015175617281635223,100,2,0.03,1.0,[D@394df057,4815162342
0.5019224993204756,0.503025901252109,0.5095104383919711,0.5089990154721737,0.5079340811728231,0.5062783871219105,0.003166756059273636,0.27539038884628925,0.2764044694011995,0.27651045086562454,0.2750106613243419,0.27698720590869874,0.27606063526923075,7.390216077221707E-4,50,10,0.04,0.1,[D@394df057,4815162342
0.5183320499314128,0.5218014649918362,0.5441977529835254,0.5220318649288646,0.5405440804502796,0.5293814426571837,0.010748850803564082,0.41699335757375444,0.40873927017879097,0.40215324381810974,0.40803000828282016,0.4091870756567891,0.40902059110205286,0.004728923277473626,100,4,0.03,1.0,[D@394df057,4815162342
0.5322694543214952,0.5376852867873326,0.5356234814847821,0.5271907698608894,0.5394014715739188,0.5344340928056835,0.0043315389092839504,0.3271485789201322,0.3338902913832502,0.33045902363198176,0.33271745789445084,0.33883324062938286,0.3326097184918396,0.003868675130001717,50,6,0.04,0.1,[D@394df057,4815162342
0.4674075077386017,0.48638865438389334,0.4916816641378263,0.4842070898616435,0.4890926431672308,0.48375551185783916,0.008552233176403395,0.3823272201645248,0.38038842181735283,0.3800372157116009,0.3835931597018588,0.382551875150156,0.38177957850909866,0.0013532608977113883,50,2,0.03,1.0E-4,[D@394df057,4815162342
0.5138660056500078,0.5157529777724522,0.5180072343102046,0.5143351180212743,0.521146395168864,0.5166215461845605,0.0026821468409558204,0.2589076560906139,0.2594521316584005,0.25796709602631906,0.25994375188999286,0.2603829694353662,0.25933072102013843,8.409793310408418E-4,25,10,0.05,0.1,[D@394df057,4815162342
0.5343097179810611,0.5457348803760181,0.5449747042454154,0.553933363381278,0.5296604326704921,0.541722619730853,0.008674376273856197,0.3908334566306776,0.3923539308195991,0.39493306631876346,0.394126205531023,0.3933388936305139,0.39311711058611537,0.0014256699683843229,100,2,0.05,0.01,[D@394df057,4815162342
0.5122404436817987,0.5077094352765363,0.5126220621578428,0.5081857449143273,0.5147771701855961,0.5111069712432202,0.0027249746580375184,0.3113421793426531,0.3154509713130407,0.3154233081241267,0.31270734721502896,0.3107530164869301,0.31313536449635593,0.0019834825333198028,50,8,0.03,1.0,[D@394df057,4815162342
0.5126020879988747,0.5131599844619429,0.5167925803127073,0.5149284020578745,0.5148821239570631,0.5144730357576925,0.0014818601679240338,0.29577134504977887,0.2969121616150742,0.29682246983202115,0.2966420459794849,0.29652597922986534,0.2965348003412449,4.0487002554017717E-4,50,10,0.03,0.001,[D@394df057,4815162342
0.513605122233819,0.5115426015043143,0.5155844806695603,0.5124565863714133,0.5135262615582862,0.5133430104674787,0.0013530478424567227,0.2944817752367446,0.296323218957929,0.2960370509583832,0.2956737747942718,0.29567664764094037,0.2956384935176538,6.274383872722284E-4,50,10,0.03,1.0,[D@394df057,4815162342
0.5393747249540783,0.538377913956093,0.539999953615151,0.5399011150936591,0.5411512033144967,0.5397609821866955,9.023892441366947E-4,0.34109465783931747,0.3434119479666239,0.3424608609692507,0.3410311332379864,0.34234844536720227,0.34206940907607614,9.012949793038987E-4,50,8,0.02,0.1,[D@394df057,4815162342
0.467344817196815,0.4863017305175672,0.49154613237928163,0.48409869914701414,0.4888883117510555,0.4836359381983467,0.00851915277229686,0.3823211387857718,0.38038845314534825,0.3800353573854148,0.3835879312693005,0.38255349278650946,0.3817772746744689,0.0013520267094318094,75,2,0.03,0.001,[D@394df057,4815162342
0.4685634080203893,0.48084797136880264,0.4862411510465955,0.48137639359642076,0.48331013489568186,0.480067811785578,0.006054669571585007,0.3775584208145258,0.3753453272154833,0.37450653648049426,0.37873909539738304,0.3762451951173394,0.37647891500504516,0.0015168171613792855,75,2,0.03,1.0,[D@394df057,4815162342
0.5183320499314128,0.5218705964943763,0.5442155487865415,0.5220690068203696,0.5405428038874558,0.5294060011840311,0.010738689688417943,0.41699335757375444,0.4087633696263873,0.4021537953099286,0.408046365019482,0.40918832077785056,0.4090290416614805,0.004727810173746383,50,4,0.03,1.0,[D@394df057,4815162342
0.5526976017363361,0.4886276633367026,0.48494283832408086,0.4703135254711302,0.5022556083936328,0.4997674474523765,0.028352035282925528,0.42954401980711854,0.40670014105006835,0.4058986123752176,0.38875600648087166,0.3942478762950571,0.4050293312016667,0.014039786893697295,50,2,0.01,0.1,[D@394df057,4815162342
1.0,1.0,0.5391484753802789,1.0,1.0,0.9078296950760558,0.18434060984788844,0.0,0.0,0.3331488814728769,0.0,0.0,0.06662977629457538,0.13325955258915076,100,10,0.02,1.0,[D@394df057,4815162342
1.0,1.0,1.0,1.0,1.0,1.0,0.0,0.0,0.0,0.0,0.0,0.0,0.0,0.0,100,8,0.02,1.0,[D@394df057,4815162342
0.5376217250540376,0.5477824836804902,0.5501355608672301,0.5605244661854176,0.5364556025666074,0.5465039676707566,0.00884603104335467,0.39021200205123646,0.390719609540474,0.3929671919189802,0.3931411054981061,0.39224517237459966,0.39185701627667935,0.001185901018396557,25,2,0.05,1.0,[D@394df057,4815162342
0.5182981139532576,0.5218311897714766,0.5441385757149003,0.521975179893256,0.5405250525838678,0.5293536223833517,0.010739165427246265,0.4169930489535272,0.4087491475730935,0.4021542733614421,0.40803486845008813,0.40918606984660966,0.4090234816369521,0.004728193644162871,75,4,0.03,1.0,[D@394df057,4815162342
1.0,1.0,1.0,1.0,1.0,1.0,0.0,0.0,0.0,0.0,0.0,0.0,0.0,0.0,100,6,0.02,1.0,[D@394df057,4815162342
1.0,1.0,1.0,1.0,1.0,1.0,0.0,0.0,0.0,0.0,0.0,0.0,0.0,0.0,100,4,0.02,1.0,[D@394df057,4815162342
0.5174296904380586,0.5329682025137238,0.5023265902248885,0.5329823824509583,0.5349105245305075,0.5241234780316273,0.012593496903175197,0.3674860981961095,0.36692282431870926,0.3623676469468337,0.3715720816276868,0.3649233537286976,0.36665440096360735,0.003043686548506278,50,10,0.01,0.1,[D@394df057,4815162342
0.4919226444186108,0.5572701448706527,0.5029945070632925,0.4785962430219497,0.4969066217099645,0.505538032216894,0.027086605682845454,0.3964758473674769,0.4241628164072067,0.41004461569436285,0.38533676044071197,0.40091516762693924,0.40338704150733956,0.013081617088490252,75,2,0.01,0.1,[D@394df057,4815162342
0.5325112288544616,0.531664861353447,0.5391448692684812,0.5258101093050692,0.5440140138566895,0.5346290165276296,0.006316889518883493,0.3059786635266382,0.3069753079446247,0.30720341091959774,0.3072577186877449,0.3130101031047695,0.308085040836675,0.0025054462300093533,100,6,0.05,0.01,[D@394df057,4815162342
0.5188382955907089,0.5138653843911538,0.5209807392541027,0.5175580319739413,0.5158502699577836,0.5174185442335382,0.0024416720983773455,0.278032508320925,0.2768680588177421,0.2776959285362772,0.2758693690104997,0.27520299701673784,0.27673377234043633,0.0010696689916649843,100,8,0.05,0.01,[D@394df057,4815162342
0.523166232952992,0.5042643224514565,0.4925895788608838,0.5397016556340725,0.5053493180986205,0.5130142215996051,0.016539407375416593,0.36992902839849195,0.37347045554434904,0.36250663021664287,0.393171546086133,0.35916109665318996,0.37164775137976136,0.011908204231532143,50,6,0.01,0.1,[D@394df057,4815162342
0.49428671022430737,0.490354875035283,0.5294694346531361,0.4843895403599854,0.4919105722892661,0.49808222651239564,0.016030306981043272,0.38312968176253753,0.38827722422332617,0.4035076247181772,0.39076464468364597,0.3969410997987023,0.39252405503727783,0.007064480636813298,50,4,0.01,0.1,[D@394df057,4815162342
0.534316749764563,0.5335205487895439,0.5335317231898064,0.5317070812642138,0.53805305987732,0.5342258325770894,0.0020966285308184553,0.3481335205170295,0.35347711715786895,0.35105500439787973,0.3518686969974477,0.3572241490109287,0.352351697616231,0.0029904873408487524,25,6,0.03,1.0,[D@394df057,4815162342
0.5122402010820098,0.509022756523353,0.5103446646789332,0.5079528016176705,0.5160444244790889,0.5111209696762111,0.0028472977668831502,0.31097869349946505,0.31421433256298215,0.31506098891098566,0.312541440865466,0.3107544522584348,0.3127099816194668,0.001711149711048509,25,8,0.03,0.001,[D@394df057,4815162342
0.530876936238236,0.5255063182416413,0.5544906256945606,0.5198922365332863,0.5652535573192522,0.5392039348053953,0.017562295102140895,0.3915947312277026,0.3782223999820441,0.38421668252085217,0.37886866092910454,0.39087625743660004,0.3847557464192607,0.0056897337274627695,75,8,0.01,0.1,[D@394df057,4815162342
0.467344817196815,0.4863017305175672,0.49154613237928163,0.484102443883702,0.4888883117510555,0.48363668714568425,0.008519193586753538,0.3823211387857718,0.38038845314534825,0.3800353573854148,0.38358938059715425,0.38255349278650946,0.3817775645400397,0.001352414970754086,25,2,0.03,0.001,[D@394df057,4815162342
0.518299317044242,0.5219337166170316,0.5441621840309022,0.522089346735282,0.5405293465052746,0.5294027821865465,0.010716348194136482,0.41699520520066113,0.4087874632433824,0.4021585423479538,0.4080740864777126,0.4091903455784852,0.409041128569639,0.004725655729570974,25,4,0.03,1.0,[D@394df057,4815162342
0.5167593229441692,0.5281022030034218,0.5421855640744034,0.5119546835546837,0.5467657794845043,0.5291535106122365,0.01364219351911611,0.39116253803857703,0.38463483209073085,0.3802363869067683,0.38353466343922826,0.3802492276135443,0.3839635296177698,0.00400369648247514,100,4,0.04,0.1,[D@394df057,4815162342
0.518476900535689,0.5350398994380455,0.5468535957352044,0.5236347570205219,0.5418855194148295,0.533178134428858,0.010709858024496297,0.3610711405762062,0.3548470471756334,0.35473932085918203,0.356241090702279,0.3530362456941739,0.3559869690014949,0.0027377433821441804,75,4,0.05,0.01,[D@394df057,4815162342
0.48977160544151777,0.5226867192026559,0.5237090023796841,0.5202280634982525,0.5168018308864513,0.5146394442817123,0.012659648548861514,0.38739454810949725,0.3872399969365036,0.3905751200106556,0.3896670060319895,0.38748206600275137,0.38847174741827944,0.0013791197424766768,100,2,0.04,0.1,[D@394df057,4815162342
0.5198019370129768,0.5210702169541604,0.5250347226702176,0.5218427691782123,0.5274014507622873,0.5230302193155708,0.0027856472055966296,0.25810157477522316,0.25735512016238743,0.2564074492096934,0.2590095756765494,0.25834688761689356,0.2578441214881494,8.922431252497933E-4,25,10,0.05,1.0,[D@394df057,4815162342
0.5049231210138364,0.504614775449175,0.5082399189029361,0.5089965568874362,0.5067383975506358,0.5067025539608039,0.0017408288762540303,0.29541393518406245,0.2983326625748245,0.29639368453043397,0.2940072445748848,0.2935349544115408,0.29553649625514933,0.0017270274749421207,100,8,0.04,0.1,[D@394df057,4815162342
0.5136447153348188,0.5086023730020891,0.5138436729135093,0.5149225864497456,0.5084601782929887,0.5118947051986302,0.00278080930159609,0.2977946834301274,0.2984866302022507,0.29606020531734895,0.29508092385493073,0.2942944674319249,0.29634338204731653,0.0015856752004404942,100,8,0.04,1.0,[D@394df057,4815162342
0.48800056097230843,0.5319579593576553,0.5282391200077188,0.5132123924671641,0.530605917859439,0.5184031901328571,0.016617148308237684,0.38065433582229524,0.39462934263830074,0.38581548975755464,0.38483143852589424,0.40672636533010714,0.3905313944148304,0.009288226987984403,25,4,0.01,0.001,[D@394df057,4815162342
0.5320182333758936,0.5308033705837382,0.532565291894643,0.53185012712554,0.5321319404159268,0.5318737926791484,5.851560569078454E-4,0.3474875379043583,0.3516429162693282,0.3502968206396103,0.3515615183195093,0.35400586079072277,0.3509989307847058,0.0021258263671244094,75,6,0.03,0.1,[D@394df057,4815162342
0.5391971330531562,0.5419406040961162,0.5428098721814374,0.5302372473252787,0.5428934397218629,0.5394156592755702,0.004780836413618654,0.3296848982460796,0.3324279457165704,0.33125639797937995,0.33175276325275216,0.3374480280603457,0.33251400665102554,0.002627428370152745,100,6,0.04,1.0,[D@394df057,4815162342
0.5489362322861275,0.5148585828282813,0.49425238302834934,0.48996202614419815,0.47904184693293,0.5054102142439774,0.02466665937318371,0.42489976800658835,0.40510412271537555,0.401085326792256,0.3851735649063201,0.3912748074394076,0.4015075179719895,0.013651502190958216,25,2,0.01,0.001,[D@394df057,4815162342
0.5126417063300991,0.5090066462729287,0.5105826264276182,0.5076638307415068,0.516095875512441,0.5111981370569187,0.0029578553226088577,0.3109691994933618,0.31444089566164135,0.31512988910164713,0.3126505907121068,0.3108322869162191,0.31280457237699527,0.001753103857488676,75,8,0.03,0.1,[D@394df057,4815162342
0.5121838553247762,0.5090157726940111,0.5084650472616936,0.48937767977622604,0.5267437761067211,0.5091572262326857,0.011917858859608593,0.38084227709803886,0.36233877294461453,0.36754354960404423,0.3609247794509311,0.38264065488594606,0.370858006796715,0.009173313761737455,100,6,0.01,0.01,[D@394df057,4815162342
0.5189250490245938,0.5262487008295297,0.545128952188766,0.5170468440849983,0.5395782373245112,0.5293855566904798,0.011164686779340655,0.3864786862622448,0.38063993816939246,0.3765642891489983,0.3789635540048372,0.37498131600873635,0.37952555671884186,0.0039830373527450095,100,4,0.04,1.0,[D@394df057,4815162342
0.48606478538826287,0.5660246469135024,0.556761556473651,0.5119796381574594,0.455384064949511,0.5152429383764774,0.04182744562773823,0.3851309037059123,0.40878339226609167,0.4061220143211905,0.3930640101213585,0.3663275389242474,0.3918855718677601,0.015417132901937443,100,4,0.01,0.01,[D@394df057,4815162342
0.5016325489001575,0.5026900880708136,0.5084452433621658,0.5085525202798511,0.5069609529961898,0.5056562707218356,0.0029277090888714208,0.2756006889847671,0.27665634972810266,0.27676610778014804,0.2751568644095887,0.2771691102892198,0.27626982423836527,7.603731028121683E-4,75,10,0.04,0.01,[D@394df057,4815162342
0.5347419039026813,0.5311399941574373,0.4944162682675727,0.5223120333375922,0.4977750451091236,0.5160770489548814,0.016842190614074392,0.3714310050637468,0.37118676846490534,0.36297873200883474,0.3688776163717177,0.36179435029860674,0.3672536944415622,0.004089886551360714,25,8,0.01,0.001,[D@394df057,4815162342
0.5426801751023154,0.5228978177386514,0.5295775829692987,0.5198339979618769,0.5366622907106555,0.5303303728965595,0.008468698286574197,0.36599212607394893,0.36127602167819983,0.36142102147271526,0.3610234037195732,0.3641631015183053,0.3627751348925485,0.001971040806325606,25,6,0.02,0.001,[D@394df057,4815162342
0.5188382955907089,0.5138653843911538,0.5209807392541027,0.5175580319739413,0.5158502699577836,0.5174185442335382,0.0024416720983773455,0.278032508320925,0.2768680588177421,0.2776959285362772,0.2758693690104997,0.27520299701673784,0.27673377234043633,0.0010696689916649843,50,8,0.05,0.01,[D@394df057,4815162342
0.5342350369024702,0.5457002561410635,0.5449677955976109,0.5538421869575941,0.5295914683646739,0.5416673487926825,0.008676982462579141,0.3908339145873899,0.39235484853422337,0.39493359711611825,0.39412496232780203,0.3933405112892104,0.3931175667709488,0.0014254348589026154,75,2,0.05,0.01,[D@394df057,4815162342
0.5137887940183093,0.5138647985610492,0.5197974639862983,0.5134635527995013,0.5205003508869132,0.5162829920504142,0.0031671927572809503,0.259171337303293,0.25966192732788473,0.25831146792159404,0.2601588329827666,0.26054510623063193,0.25956973435323405,7.808766434597134E-4,50,10,0.05,0.01,[D@394df057,4815162342
1.0,1.0,0.5270912068531116,1.0,0.4771329318638548,0.8008448277433933,0.2444253605476082,0.0,0.0,3.0534799764256127E-6,0.0,0.3977512908950116,0.0795508688749976,0.15910021101440222,100,4,0.02,0.01,[D@394df057,4815162342
0.488301533476003,0.5216339224419896,0.5266190938135413,0.5225650927803619,0.5162920253312498,0.5150823335686292,0.013789027862011546,0.38600890048416464,0.38575245182205414,0.3889369812396085,0.3878286896575813,0.38617813059206385,0.3869410307590945,0.001235747550642862,100,2,0.04,1.0,[D@394df057,4815162342
0.5226860290644509,0.527289959687728,0.5454468321147682,0.5239393731402119,0.5448378785947156,0.5328400145203749,0.01015882412946923,0.42115828829255725,0.4123679879998623,0.4039744334459065,0.4106079852638807,0.41200860844351445,0.4120234606891443,0.005483692282450127,75,4,0.03,0.1,[D@394df057,4815162342
0.5380393248280431,0.5411417506557746,0.5392428467640311,0.5385717081577608,0.5399183107407037,0.5393827882292627,0.001082872253281633,0.3291779548250959,0.32915781651975085,0.32983917461681617,0.32933031362125204,0.3299944699444373,0.32949994590547044,3.4903754181468704E-4,25,10,0.02,0.001,[D@394df057,4815162342
0.5396949525497806,0.5382663724040125,0.5390194484486606,0.53995670684016,0.5411113912642064,0.539609774301364,9.524373253660559E-4,0.34086785913495316,0.3434799222332146,0.3427715705520988,0.3409193676240785,0.34224638536558105,0.3420570209819852,0.0010275649847934138,25,8,0.02,0.001,[D@394df057,4815162342
0.4674043561739604,0.48638355099617664,0.4916875172085738,0.4841964432201466,0.48910013413210895,0.4837544003461933,0.0085550335164598,0.3823224175298335,0.3803879822211618,0.38003450414358586,0.3835893819974041,0.38255130818544153,0.3817771188154854,0.0013525844950589454,100,2,0.03,0.001,[D@394df057,4815162342
0.5343097179810611,0.5457363644522623,0.5449747042454154,0.553933363381278,0.5296604326704921,0.5417229165461018,0.008674513582508241,0.3908334566306776,0.3923543999234196,0.39493306631876346,0.394126205531023,0.3933388936305139,0.3931172044068795,0.0014256197563672491,50,2,0.05,0.01,[D@394df057,4815162342
0.5129138940192316,0.5136115421292166,0.516985384869206,0.5147187414212417,0.5150904493645833,0.5146640023606959,0.0013960101653210815,0.295672732027246,0.2968066366939906,0.29663133923789387,0.29644267285367565,0.2962622566072051,0.2963631274840023,3.9032966851165914E-4,50,10,0.03,0.1,[D@394df057,4815162342
0.4900166201318856,0.5224608096716328,0.5192925599668586,0.5196907966115183,0.5167636954785167,0.5136448963720823,0.01195149937906959,0.38743831935836703,0.38731674462420773,0.390611846374704,0.38979518758980014,0.38768435992439254,0.3885692915742943,0.001364252703415181,50,2,0.04,0.01,[D@394df057,4815162342
0.5393771506300582,0.5384158216314756,0.5400333214086055,0.5399015791420323,0.5411084145630822,0.5397672574750507,8.793289318049408E-4,0.34109447579000335,0.34341479386906293,0.3424606991588965,0.3410318803844721,0.34234869056659534,0.34207010795380605,9.020115938394817E-4,25,8,0.02,0.1,[D@394df057,4815162342
0.5389576053154368,0.5388713859378385,0.5401488385306504,0.5389238518724001,0.519417376384291,0.5352638116081234,0.007937601609676121,0.3640244477781674,0.3685665593148236,0.364885643334749,0.36613351163918556,0.3572489872461053,0.36417182986260616,0.0037846755051237258,25,6,0.02,0.1,[D@394df057,4815162342
0.5071946698972165,0.5043970193290686,0.48625097901181263,0.47712500711706746,0.4951812327086019,0.49402978161275335,0.011210717298099252,0.35899567460978693,0.36125339941394224,0.35165312566344537,0.3514585116995043,0.3546140522573,0.35559495272879577,0.003929204472597792,75,6,0.02,0.001,[D@394df057,4815162342
0.5158174668365377,0.5718892196508073,0.4876360836144411,0.5448853098136398,0.5144639205747726,0.5269384000980397,0.028867378210587505,0.37252113866844233,0.40108448292204485,0.37664157797353676,0.394522956341541,0.36282312395569516,0.38151865597225204,0.014185891139748243,100,6,0.01,1.0,[D@394df057,4815162342
0.5360428654890709,0.5342636717675662,0.5392310981292645,0.5385549668162188,0.5408828222337907,0.5377950848871822,0.0023543503536927915,0.3336421682338084,0.3352366920839695,0.3298392708677903,0.3293286496092991,0.3367805487561137,0.3329654659101962,0.002938393429684428,50,10,0.02,0.001,[D@394df057,4815162342
0.48290181426291956,0.4780735717303705,0.4750171207270073,0.48262948323016147,0.4910282682442204,0.4819300516389358,0.0054198177759610545,0.41595525805043704,0.41064896297440673,0.4037640010292921,0.40614559361252783,0.41600343505461174,0.41050345014425504,0.004988071879355605,75,2,0.02,0.001,[D@394df057,4815162342
0.5048269534486061,0.5138165116225244,0.5330119046890629,0.5295609326226314,0.5142194242213574,0.5190871453208364,0.010568126649725323,0.4104782926451654,0.4150672917216962,0.4053932464355919,0.40959522136699,0.40739940923582507,0.40958669228105365,0.003261937748091695,25,2,0.02,0.1,[D@394df057,4815162342
0.5186481259165047,0.5137131295852356,0.5205970164027496,0.517904080568257,0.5156734271864075,0.517307155931831,0.002390137922092584,0.27792025563111,0.27690425252201634,0.2777252637172749,0.2759019756655059,0.27523006989485066,0.27673636348615155,0.001036613180005898,25,8,0.05,1.0E-4,[D@394df057,4815162342
0.5797299158905613,0.5091140646503409,0.4702430465770125,0.528084510042184,0.5340288773044607,0.5242400828929119,0.03559269037603031,0.39847028958796504,0.3650288657539458,0.3595304101244176,0.36717927735640155,0.3749678101767563,0.3730353305998973,0.01364881923104567,50,8,0.01,0.001,[D@394df057,4815162342
0.5058889891571124,0.5132279491487644,0.5187411938283122,0.5033578604460835,0.528443878659814,0.5139319742480173,0.009063344921581198,0.36230867267433314,0.35967372753205934,0.3780542571891843,0.3679439475669963,0.3672876822288572,0.36705365743828605,0.006306168802471238,50,6,0.01,0.001,[D@394df057,4815162342
0.4901722802890213,0.5335766154541735,0.5313916183138616,0.4863905581900711,0.48360634515310785,0.505027483480047,0.022525531094046643,0.4056589290975979,0.41715378022250765,0.42715030270043874,0.38540111316131015,0.4075784911312505,0.408588523262621,0.01389360973089133,50,2,0.01,0.001,[D@394df057,4815162342
0.5283587262984037,0.5307860931641518,0.5364404142573536,0.5355024328606661,0.5387550044303835,0.5339685342021918,0.0038202410663450317,0.33795532654844956,0.33707501698958264,0.33738398676396186,0.3320961700871669,0.33873786973770587,0.3366496740253734,0.0023460528465717246,75,10,0.02,0.001,[D@394df057,4815162342
0.5379308917862782,0.5410864386682303,0.5392231449670963,0.5384400680232573,0.5397549841186784,0.5392871055127081,0.001097031387533926,0.3290858871331475,0.3291905036003377,0.32978716484130355,0.3292767886984179,0.3299578658933082,0.32945964203330297,3.467165320566415E-4,25,10,0.02,0.1,[D@394df057,4815162342
0.5138130404193105,0.5139345218901199,0.5197973186534028,0.5135220138802987,0.520524388407068,0.5163182566500399,0.0031487359424510345,0.2591713827011741,0.2596630469270468,0.2583101591881139,0.26015751222665895,0.26054418529503537,0.2595692572676059,7.808914393345312E-4,25,10,0.05,0.01,[D@394df057,4815162342
0.5041762247209185,0.5043325695556499,0.508931798233022,0.5084728632359532,0.5057678185075544,0.5063362548506196,0.0020152193746995786,0.2953126789031171,0.2982036952826833,0.2959062112218736,0.29382654487803633,0.29323113563562003,0.2952960531842661,0.0017464415800511142,75,8,0.04,0.01,[D@394df057,4815162342
0.5566162833996203,0.5065548029711926,0.49861947996994305,0.5203800295879366,0.545633516801391,0.5255608225460168,0.022276714475226788,0.4059034210445916,0.3767328520362252,0.3717617423070347,0.36685959387215805,0.40044679545700124,0.38434088094340213,0.015786423586660808,75,8,0.01,0.001,[D@394df057,4815162342
0.5125152887584326,0.5132778782920042,0.5168250027212992,0.5149300925262715,0.5148643315110947,0.5144825187618205,0.0014936188870188372,0.2957711522626145,0.29691428591289687,0.29682213814478675,0.29664103653937995,0.29652560777985915,0.2965348441279074,4.0524099590855963E-4,75,10,0.03,0.001,[D@394df057,4815162342
0.5128268431676263,0.5137291348640198,0.51701785879344,0.5147204346167078,0.5150725982502485,0.5146733739384084,0.0014113445582936905,0.29567253924008163,0.2968087609918131,0.2966310075506596,0.2964416634135707,0.2962618851571989,0.2963631712706648,3.9081426980622225E-4,25,10,0.03,0.1,[D@394df057,4815162342
0.5031765462483049,0.5099927864948488,0.517512271075499,0.5002820231581366,0.5146778977191813,0.5091283049391941,0.006565307752465304,0.35719909405406075,0.366024548466646,0.3629190280267291,0.3573576748114833,0.35956490076784775,0.3606130492253534,0.003404497905593482,25,6,0.01,0.1,[D@394df057,4815162342
0.5226898851985927,0.5274702342934687,0.545448242774323,0.52400153786566,0.5448587483091348,0.5328937296882359,0.010132929383969473,0.42115470087435025,0.4123962349505188,0.4039809438339774,0.4106399063498949,0.4120214530534218,0.4120386478124326,0.005479300297158294,25,4,0.03,0.1,[D@394df057,4815162342
0.49212294663005285,0.5343625553871316,0.5262487229662429,0.5282423207199182,0.48936559374410754,0.5140684278894906,0.019250686219136965,0.3845414548394297,0.3917143223235251,0.38703571255321495,0.4050625501520089,0.388985973179378,0.3914680026095113,0.00719242831779579,25,4,0.01,0.1,[D@394df057,4815162342
0.5135288890863455,0.519055955916123,0.5205279620265864,0.5120019322439866,0.520697493293233,0.5171624465132549,0.0036672135297478384,0.36915612046310275,0.37173105451596883,0.3673292912005801,0.37595887242648657,0.36679242741229984,0.37019355320368763,0.003360081433196747,50,10,0.01,0.001,[D@394df057,4815162342
0.5320404412412184,0.5308217136726522,0.5325838902083894,0.531868055190419,0.5321579898688329,0.5318944180363024,5.860980148058902E-4,0.34749861327233045,0.3516610172040012,0.35031336338978847,0.3515718156386576,0.3540200939536245,0.35101298069168047,0.002126744964339587,25,6,0.03,0.1,[D@394df057,4815162342
0.48294754311358434,0.49427216205066754,0.5534926552120022,0.5384768801243454,0.47820311302234925,0.5094784707045898,0.030631441776703617,0.39266057608447646,0.3959793081347561,0.4281248298746755,0.42334002921429376,0.3962142433472945,0.4072637973310992,0.015207329290757148,25,2,0.01,0.1,[D@394df057,4815162342
0.5396925302525667,0.538228511262674,0.5389860805003637,0.5399562060870453,0.5411539574561031,0.5396034571117505,9.806168619806571E-4,0.3408680411842671,0.3434771856365201,0.342771732362453,0.3409185311129616,0.34224614016618765,0.34205632609247794,0.0010269640496227438,50,8,0.02,0.001,[D@394df057,4815162342
0.5342350369024702,0.5457002561410635,0.5449677955976109,0.5538421869575941,0.5295914683646739,0.5416673487926825,0.008676982462579141,0.3908339145873899,0.39235484853422337,0.39493359711611825,0.39412496232780203,0.3933405112892104,0.3931175667709488,0.0014254348589026154,25,2,0.05,0.01,[D@394df057,4815162342
0.5041771027710977,0.5042315398442908,0.5089319214948399,0.5084906633268058,0.5057652728878017,0.5063193000649673,0.002039377711392908,0.29531531308699865,0.2982021056037566,0.29590751995535375,0.2938292969284486,0.29323336053184035,0.2952975192212796,0.001745019619766636,50,8,0.04,0.01,[D@394df057,4815162342
0.5451445053601615,0.5584977688413113,0.49986375798101873,0.5491112138427845,0.5697706656028009,0.5444775823256154,0.02386886818273115,0.41715146967652583,0.41500615533498453,0.39842649065012886,0.4122291408264442,0.41792151109589526,0.41214695351679576,0.007138957743171217,50,4,0.02,0.001,[D@394df057,4815162342
0.5459197523868435,0.575474747528451,0.5329474607105129,0.5308919362395244,0.508595765156278,0.5387659324043219,0.021930835225269715,0.37934183325240756,0.3879108214279799,0.3765248605882815,0.3806990497924343,0.3910954861898305,0.3831144102501868,0.005480722606236908,75,10,0.01,0.001,[D@394df057,4815162342
0.5170969083340784,0.5288315085342646,0.504270370299835,0.5267743149724359,0.5260749886174624,0.5206096181516153,0.009108055701520686,0.37120162981647636,0.37180621568790834,0.3728384507010141,0.37066960729434517,0.3653866870543136,0.3703805181108115,0.002598853278250966,25,10,0.01,0.1,[D@394df057,4815162342
0.5397057731742447,0.5383241694726406,0.5291286894878576,0.5374350667083122,0.536373394561917,0.5361934186809945,0.003697599565560655,0.34087603649953063,0.3434604686254516,0.3431997490865555,0.34308095848007586,0.3464606921888488,0.3434155809760925,0.0017822771370881944,75,8,0.02,0.01,[D@394df057,4815162342
0.49245250408920666,0.49221313414116064,0.5063974897945382,0.48612516654023374,0.4998220353137016,0.4954020659757682,0.007005220033776196,0.3542007040883509,0.35770491158838874,0.35896930921144843,0.3534742060737917,0.35821364418312496,0.35651255502902096,0.0022328134151053526,75,6,0.02,0.01,[D@394df057,4815162342
0.4835459442647417,0.46725121409413917,0.48576504529603454,0.48431078748788947,0.4719534094296483,0.4785652801144907,0.007501725306763735,0.415723662751857,0.4076151612415756,0.4062905502868693,0.4068138221243108,0.4106597031538943,0.4094205799117014,0.003496171846122383,75,2,0.02,0.01,[D@394df057,4815162342
0.5136606745750549,0.5086023730020891,0.5138456398036482,0.5149243783464846,0.5084601782929887,0.5118986488040531,0.0027834892366306865,0.29779584995114966,0.2984866302022507,0.29606161411196896,0.2950810800552944,0.2942944674319249,0.2963439283505177,0.0015858136563087584,50,8,0.04,1.0,[D@394df057,4815162342
0.5397033508913265,0.5382863152267844,0.5390704264709975,0.5399389591225935,0.5411313715730646,0.5396260846569533,9.45884490587989E-4,0.34087621854884465,0.34345773202875707,0.3427656881150186,0.340920106769176,0.3422309699922515,0.34205014309080956,0.0010179479934285707,50,8,0.02,0.01,[D@394df057,4815162342
0.5325039450956809,0.53166753378367,0.5392569174565308,0.5256315519094994,0.5440662984854262,0.5346252493461614,0.0063987555819636785,0.3060241475921744,0.3070201834102239,0.30721930102896433,0.3073124053721058,0.31303539094801675,0.30812228567029704,0.0024990679709189514,75,6,0.05,1.0E-4,[D@394df057,4815162342
0.5137709357012787,0.51390155267867,0.5197923877471412,0.5132087594516773,0.5205363311454165,0.5162419933448368,0.0032196563107775296,0.25921018952817904,0.25968715956825583,0.258331033777728,0.26013004882884294,0.2605708197781051,0.25958585029622216,7.735975697324719E-4,50,10,0.05,1.0E-4,[D@394df057,4815162342
0.5153775087312743,0.4996567254299624,0.5241667541636649,0.5094064198193791,0.5025618185855975,0.5102338453459756,0.008854414881572362,0.3614477451831621,0.35767072884274936,0.36394489925264123,0.36201146690300384,0.3579534599883872,0.36060566003398875,0.002428328852936271,50,6,0.02,0.01,[D@394df057,4815162342
0.545134507078169,0.5584687931941827,0.4990616289314363,0.5496288632945665,0.5584654961292712,0.5421518577255251,0.022153766307441907,0.41717038745150875,0.41503768919966744,0.3981539688866825,0.41257586183817135,0.41151952048410645,0.41089148557202726,0.00666470548336818,50,4,0.02,0.01,[D@394df057,4815162342
0.4992721431886156,0.4631492230708277,0.48204208879206273,0.4849793438988518,0.4897711099380696,0.48384278177768547,0.011882490555133761,0.41556110044375294,0.40577453729092827,0.399463422443387,0.40717020166955115,0.4073627681928813,0.4070664060081001,0.0051328884949260346,50,2,0.02,0.01,[D@394df057,4815162342
0.5167134027926338,0.5037815377948665,0.4938890771105534,0.5617032693856524,0.551633939511559,0.525544245319053,0.02661501853212017,0.37330113673344467,0.36842700348527785,0.37888399418934865,0.408808813724246,0.4055757382171067,0.3869993372698848,0.016847355927999318,75,6,0.01,1.0,[D@394df057,4815162342
0.5041368393789218,0.5042611971167087,0.508789172297501,0.5082565701718567,0.5056627050166044,0.5062212967963184,0.0019613923910354234,0.2953062666023863,0.29800968456599025,0.2959155161427427,0.29383028818647605,0.2932380051293698,0.295259952125393,0.0016807823380475208,75,8,0.04,0.001,[D@394df057,4815162342
0.5049262710697288,0.5047156026061403,0.5082438751272986,0.5089787976944498,0.5067569020866765,0.5067242897168589,0.0017123495304114617,0.2954149957968919,0.2983342522537511,0.2963943572194102,0.2940048797712075,0.2935368951936451,0.2955370760469812,0.0017275634981863822,25,8,0.04,0.1,[D@394df057,4815162342
0.5424870515844352,0.5053643653820319,0.5001134588023515,0.5400727873961819,0.48223761396421283,0.5140550554258427,0.02352677867221354,0.3747277598238502,0.36276174959650676,0.374972817445391,0.37856343059550174,0.36669781297472254,0.37154471408719447,0.005861381575343284,75,8,0.01,0.01,[D@394df057,4815162342
0.555069990941533,0.5528890641507219,0.5197934670868376,0.5110215188250995,0.49171248106152654,0.5260973044131436,0.024521617840442562,0.41117569034125695,0.38646291991246234,0.3787139421957716,0.37200263204562756,0.3736990978373836,0.3844108564665004,0.014294949703617752,75,6,0.01,0.01,[D@394df057,4815162342
0.531691066067263,0.53771455487482,0.5338251589506877,0.5263420706332025,0.5388242324837892,0.5336794166019525,0.0044847050267616505,0.3270900350447363,0.3339967515352164,0.33042210896287355,0.3327718136548008,0.33880658899734356,0.33261745963899414,0.003888536504854032,75,6,0.04,0.001,[D@394df057,4815162342
0.5168910639991753,0.5280453453618821,0.542054001320197,0.5109252170519558,0.5478286240208547,0.529148850350813,0.014135407500463402,0.39169173027852,0.3846762543828523,0.38052742106684795,0.38388069315019935,0.38118432161958804,0.38439208409960146,0.003971208085087628,75,4,0.04,0.001,[D@394df057,4815162342
0.5186481259165047,0.5137128043582478,0.5205970164027496,0.517904080568257,0.5156734271864075,0.5173070908864333,0.002390235731741486,0.27792025563111,0.27690386539750433,0.2777252637172749,0.2759019756655059,0.27523006989485066,0.2767362860612491,0.0010366006518211198,75,8,0.05,1.0E-4,[D@394df057,4815162342
0.5129138940192316,0.5136115421292166,0.516985384869206,0.5147187414212417,0.5150904493645833,0.5146640023606959,0.0013960101653210815,0.295672732027246,0.2968066366939906,0.29663133923789387,0.29644267285367565,0.2962622566072051,0.2963631274840023,3.9032966851165914E-4,100,10,0.03,0.1,[D@394df057,4815162342
0.5016442947693455,0.5025371147809694,0.5083809397065323,0.5084828749313464,0.507223435798519,0.5056537319973426,0.0029561654693930125,0.2756244146367355,0.27668161574501354,0.2768013399238124,0.27519188521358084,0.2771893087079427,0.27629771284541704,7.579116151149567E-4,50,10,0.04,0.001,[D@394df057,4815162342
0.4898656828247558,0.5223692253949487,0.5192269866884109,0.5195526356940194,0.5169414196712142,0.5135911900546699,0.011987315579755688,0.38741017014418405,0.38731104947740846,0.390618320600326,0.3898619109704142,0.38780539133098485,0.38860136850466354,0.0013692712989967276,75,2,0.04,0.001,[D@394df057,4815162342
0.5054504785946122,0.5735257584717841,0.5195696827465711,0.5047059581147837,0.5135546451374845,0.5233613046130471,0.025674263529948612,0.3632838169848321,0.39697246675832004,0.363730314748773,0.35850686832530854,0.3860477382802844,0.3737082410195036,0.015051888604304899,50,10,0.01,1.0,[D@394df057,4815162342
0.4896853091370216,0.5226661748142394,0.5235943056540298,0.5200478991028769,0.5166306573630366,0.5145248692142409,0.012652884903579098,0.3873931677416956,0.3872433184737721,0.39057596495804314,0.389666036704142,0.38748308848716684,0.388472315272964,0.0013786859695516284,25,2,0.04,0.1,[D@394df057,4815162342
0.5234261703083098,0.5304362893693113,0.5173244678890242,0.5076028296666975,0.5315963380692198,0.5220772190605125,0.008881485738548224,0.39266349124625355,0.3713010192023245,0.38482861563982257,0.3754208855826782,0.37353370611532277,0.3795495435572803,0.008013969015106141,50,10,0.01,0.01,[D@394df057,4815162342
0.5228727276110898,0.5289263328790805,0.5261387705514219,0.5277927947410919,0.4804774255626438,0.5172416102690656,0.018495050456666544,0.37074586839367296,0.3816354520282283,0.38060925954624514,0.3801163589787771,0.3429677113596561,0.3712149300613159,0.01465743172956559,75,10,0.01,1.0,[D@394df057,4815162342
0.48541013098629887,0.5255848979426934,0.5259895036950463,0.5124990746352037,0.4910506165373557,0.5081068447593197,0.01703302236380333,0.35098294686693265,0.3958096406640108,0.3732990726279168,0.36962308129887067,0.37195351575645724,0.37233365144283764,0.01425060270662426,50,6,0.01,0.01,[D@394df057,4815162342
0.526232213545192,0.5140314357594469,0.521294065799273,0.5678676098548113,0.5180759388979448,0.5295002527713335,0.019595279644853487,0.3734345163996232,0.3754465663715164,0.36895169782340553,0.38942089392698004,0.36945934372276784,0.37534260364885863,0.007447231525623479,75,8,0.01,1.0,[D@394df057,4815162342
0.5019217859623143,0.5031735079369931,0.5095343241564037,0.5090111065171098,0.507936913260716,0.5063155275667073,0.003144294565466575,0.2753904342441704,0.2764062152311897,0.27651045397046026,0.2750090672175979,0.27698498101247837,0.2760602303351793,7.390725794524203E-4,25,10,0.04,0.1,[D@394df057,4815162342
0.501643589030818,0.5026844411043822,0.5084044666862129,0.5084949144532802,0.5072262581262071,0.50569073388018,0.002932670688118967,0.2756244600346166,0.27668336157500373,0.27680134302864823,0.2751902911068369,0.27718708381172236,0.27629730791136553,7.580238062584537E-4,75,10,0.04,0.001,[D@394df057,4815162342
0.5016332564053564,0.5025427516324174,0.5084216946101859,0.5085404772369889,0.5069581307375033,0.5056192621244904,0.0029506898560874564,0.2756006435868859,0.27665460389811247,0.27676610467531226,0.27515845851633264,0.27717133518544024,0.2762702291724167,7.60264077661572E-4,100,10,0.04,0.01,[D@394df057,4815162342
0.5041769475545331,0.5042315398442908,0.5089319214948399,0.5084904424535307,0.5057652728878017,0.5063192248469992,0.0020393632883818633,0.295314732266908,0.2982021056037566,0.29590751995535375,0.2938292969284486,0.29323336053184035,0.2952974030572615,0.0017450184507141844,100,8,0.04,0.01,[D@394df057,4815162342
0.4900166201318856,0.5224608192533428,0.5192925599668586,0.5196907966115183,0.5167636954785167,0.5136448982884244,0.011951500792642122,0.38743831935836703,0.38731530998631025,0.390611846374704,0.38979518758980014,0.38768435992439254,0.3885690046467148,0.001364516232448174,100,2,0.04,0.01,[D@394df057,4815162342
0.5127533013744843,0.5089628762750658,0.510641455345413,0.5076128426493896,0.5160733537103271,0.511208765870936,0.0029781312896961956,0.31096992917304717,0.3144391485375276,0.31513005680909206,0.312650225115677,0.3108319891359847,0.31280426975426573,0.0017527429940631734,100,8,0.03,0.1,[D@394df057,4815162342
0.4669112089345636,0.48662758266768574,0.4912583703972605,0.4840671726936789,0.4892657257075766,0.4836260120801531,0.008702275060634897,0.38195892666054143,0.3789152576193025,0.3791457297700055,0.3831245967562417,0.38217753371387503,0.38106440890399323,0.0017078503277157752,100,2,0.03,0.1,[D@394df057,4815162342
0.5041403275876266,0.5042611971167087,0.5087897843326796,0.5082565701718567,0.5056645671390391,0.5062224892695821,0.0019607055026433324,0.2953070808893761,0.29800968456599025,0.2959170017215499,0.29383028818647605,0.2932405703444835,0.2952609251415752,0.0016802857381162176,25,8,0.04,0.001,[D@394df057,4815162342
0.5227174323404947,0.5272770518774349,0.5454851178801415,0.5240010101197985,0.5448499435573133,0.5328661111550366,0.010155538896861724,0.42115735782992436,0.41236087987231107,0.4039742051415388,0.41060496921546213,0.4120064113335213,0.4120207646785515,0.0054835174104446395,100,4,0.03,0.1,[D@394df057,4815162342
0.5189259489568429,0.5262390638332539,0.5451369692546126,0.5170400409357622,0.5395443600999741,0.5293772766160891,0.011162647644463454,0.38647726740779664,0.3806391689841781,0.37656395746176413,0.37896119043380183,0.37498013747683595,0.37952434435287535,0.003982883929518663,75,4,0.04,1.0,[D@394df057,4815162342
0.518644720260258,0.5135304235459701,0.5205971538683378,0.5178838654936102,0.5156682176868578,0.5172648761710068,0.0024448577409704906,0.2779210985463087,0.2769019634164504,0.27772657245075505,0.27590304585019676,0.2752311958198903,0.27673677521672024,0.0010364826512395634,100,8,0.05,1.0E-4,[D@394df057,4815162342
0.5137709357012787,0.51390155267867,0.5197923877471412,0.5132087594516773,0.5205363311454165,0.5162419933448368,0.0032196563107775296,0.25921018952817904,0.25968715956825583,0.258331033777728,0.26013004882884294,0.2605708197781051,0.25958585029622216,7.735975697324719E-4,100,10,0.05,1.0E-4,[D@394df057,4815162342
0.5067586617456149,0.5054012142797573,0.5116639954799651,0.5078275284349132,0.5108498585509447,0.5085002516982391,0.0023924737052658674,0.2737794778127038,0.27489603608718766,0.2748635483978027,0.274992951686256,0.27541048242687605,0.27478849928216525,5.411071387201192E-4,75,10,0.04,1.0,[D@394df057,4815162342
0.5394140502741626,0.5386542985626581,0.5395881964730941,0.5390022099082442,0.5416205117652294,0.5396558533966777,0.0010347261096547837,0.3413378562555855,0.3438316165134534,0.34168818167819776,0.34150124478289867,0.34206666306200495,0.34208511245842804,9.063624147058776E-4,25,8,0.02,1.0,[D@394df057,4815162342
0.5183726472379127,0.5350226651970571,0.5468536015232572,0.5235271488843007,0.5420005489838601,0.5331553223652776,0.010775871784467537,0.3611265927251034,0.35491308686085565,0.35481547934433166,0.3562905707048302,0.3530891800312766,0.3560469819332795,0.0027354228206763072,100,4,0.05,1.0E-4,[D@394df057,4815162342
0.5342481632777822,0.525609192052484,0.5412012468504208,0.545996207040546,0.5454579423377369,0.538502550311794,0.0076961526576413575,0.36126336706440054,0.3639684990476705,0.3663288860207134,0.36885544040218937,0.3667559740764081,0.3654344333222764,0.0025998677681929034,25,6,0.02,1.0,[D@394df057,4815162342
0.5136442541375473,0.5087062726566386,0.5138435514107277,0.5149050054709642,0.5084628030875995,0.5119123773526955,0.002751847504025916,0.29779307910371744,0.2984882198811773,0.2960588965838688,0.2950781718045185,0.2942922425357045,0.2963421219817973,0.0015868714619377657,75,8,0.04,1.0,[D@394df057,4815162342
0.5324969303813964,0.5316526942883558,0.5392001297359976,0.5256608024778865,0.5440657489650693,0.5346152611697412,0.0063840300384499305,0.30602356530177244,0.3070196688964336,0.3072182047255319,0.3073145347905128,0.3130368756045817,0.3081225698637665,0.002499736329779092,100,6,0.05,1.0E-4,[D@394df057,4815162342
