cummulativemae_fold_0,cummulativemae_fold_1,cummulativemae_fold_2,cummulativemae_fold_3,cummulativemae_fold_4,cummulativemae_avg,cummulativemae_std,cummulativecoverage_fold_0,cummulativecoverage_fold_1,cummulativecoverage_fold_2,cummulativecoverage_fold_3,cummulativecoverage_fold_4,cummulativecoverage_avg,cummulativecoverage_std,numIters,numFactors,gamma,lambda,seed
0.7954193931596285,0.7943772127611122,0.7969746436152491,0.7929337947596894,0.7950462498935582,0.7949502588378474,0.0013207531341010183,1.0,1.0,1.0,1.0,1.0,1.0,0.0,25,2,0.05,1.0E-4,4815162342
0.792905062885323,0.7921515138202184,0.7916858703620362,0.7893622814690765,0.7893120013722393,0.7910833459817788,0.0014779983368845744,1.0,1.0,1.0,1.0,1.0,1.0,0.0,25,4,0.05,1.0E-4,4815162342
0.7851856906668037,0.7865651963747761,0.7849263303501937,0.7855210090811905,0.7862668667819528,0.7856930186509834,6.268613220637081E-4,1.0,1.0,1.0,1.0,1.0,1.0,0.0,25,6,0.05,1.0E-4,4815162342
0.7805771629900539,0.7800271724109558,0.7801011433788783,0.7789769505461772,0.779074240948659,0.7797513340549449,6.226671157291009E-4,1.0,1.0,1.0,1.0,1.0,1.0,0.0,25,8,0.05,1.0E-4,4815162342
0.7741220045252571,0.7713133383245827,0.7727856295927422,0.7719918799482507,0.7707047357549828,0.772183517629163,0.001191721705540619,1.0,1.0,1.0,1.0,1.0,1.0,0.0,25,10,0.05,1.0E-4,4815162342
0.7951821000918023,0.7935849680548585,0.7960972891865306,0.7928411091083684,0.7946935462586547,0.7944798025400429,0.0011524943556397843,1.0,1.0,1.0,1.0,1.0,1.0,0.0,50,2,0.05,1.0E-4,4815162342
0.7900569362722268,0.7891650829357149,0.7886470375769631,0.7865978677407944,0.7871373415693563,0.788320853219011,0.0012808187381995325,1.0,1.0,1.0,1.0,1.0,1.0,0.0,50,4,0.05,1.0E-4,4815162342
0.7801088722651764,0.7812843225068434,0.7802433769997164,0.7804703349323745,0.7804226222949077,0.7805059057998036,4.100465820098801E-4,1.0,1.0,1.0,1.0,1.0,1.0,0.0,50,6,0.05,1.0E-4,4815162342
0.7715399998441913,0.7727591686765891,0.7733727104818271,0.7721098953753209,0.771818893566016,0.7723201335887888,6.640361812987559E-4,1.0,1.0,1.0,1.0,1.0,1.0,0.0,50,8,0.05,1.0E-4,4815162342
0.7661849720726552,0.7624634854552288,0.7655223193874784,0.7645213511870981,0.762560685874132,0.7642505627953186,0.0015153850905490764,1.0,1.0,1.0,1.0,1.0,1.0,0.0,50,10,0.05,1.0E-4,4815162342
0.7950037106730473,0.7929697722625704,0.7952033974484118,0.7925063799895337,0.7942994246861761,0.7939965370119478,0.001080505959440157,1.0,1.0,1.0,1.0,1.0,1.0,0.0,75,2,0.05,1.0E-4,4815162342
0.7884172000782441,0.78719600733701,0.7843701054914645,0.7847364849544777,0.7851999571683742,0.7859839510059141,0.0015598138881956836,1.0,1.0,1.0,1.0,1.0,1.0,0.0,75,4,0.05,1.0E-4,4815162342
0.7764306177461967,0.776027940788676,0.7772756702465554,0.7772602395915712,0.7759638516918024,0.7765916640129603,5.749305899229182E-4,1.0,1.0,1.0,1.0,1.0,1.0,0.0,75,6,0.05,1.0E-4,4815162342
0.7661684512422477,0.7657413520464211,0.7685464370333942,0.7663656561271901,0.7681614457560324,0.7669966684410572,0.0011329985350893303,1.0,1.0,1.0,1.0,1.0,1.0,0.0,75,8,0.05,1.0E-4,4815162342
0.758465216882713,0.7565162987322497,0.7593585682155531,0.7583187229988478,0.7569305290321722,0.7579178671723072,0.001046434641083078,1.0,1.0,1.0,1.0,1.0,1.0,0.0,75,10,0.05,1.0E-4,4815162342
0.7749446536909893,0.7721979708631626,0.773657570852948,0.7727999612173895,0.7715953078052213,0.7730390928859422,0.0011715683973908828,1.0,1.0,1.0,1.0,1.0,1.0,0.0,25,10,0.05,0.001,4815162342
0.7812209945412145,0.7806156167500736,0.780789583642913,0.7796497275934433,0.779708465327575,0.7803968775710439,6.18607819839855E-4,1.0,1.0,1.0,1.0,1.0,1.0,0.0,25,8,0.05,0.001,4815162342
0.7856163130806028,0.7869512198955211,0.7853453389648866,0.7859317767117098,0.7866390336950851,0.7860967364695611,6.077573151268671E-4,1.0,1.0,1.0,1.0,1.0,1.0,0.0,25,6,0.05,0.001,4815162342
0.7931457772037267,0.7923764833863874,0.7919251844535659,0.789562163865661,0.7895685443450627,0.7913156306508807,0.0014814423442401955,1.0,1.0,1.0,1.0,1.0,1.0,0.0,25,4,0.05,0.001,4815162342
0.7954708380132336,0.7944249776154071,0.7970206429176101,0.7930060694988194,0.7950968433373236,0.7950038742764788,0.0013130422234953322,1.0,1.0,1.0,1.0,1.0,1.0,0.0,25,2,0.05,0.001,4815162342
0.8075017508420773,0.8072739536934213,0.8086186179122711,0.8068765991880958,0.8071449976563532,0.8074831838584438,6.026022494171215E-4,1.0,1.0,1.0,1.0,1.0,1.0,0.0,25,2,0.03,0.001,4815162342
0.8075948014398943,0.8072601039768615,0.8062350502341208,0.804620658142817,0.8052215429219786,0.8061864313431345,0.0011420418933240084,1.0,1.0,1.0,1.0,1.0,1.0,0.0,25,4,0.03,0.001,4815162342
0.7947591382402369,0.7949242105298945,0.7948763459684272,0.7930274630871094,0.7953734002319687,0.7945921116115273,8.096312332556644E-4,1.0,1.0,1.0,1.0,1.0,1.0,0.0,25,10,0.03,0.001,4815162342
0.8005518859962173,0.7987661032452639,0.8005555856063549,0.8003117589709038,0.800644199494999,0.8001659066627479,7.085642189291323E-4,1.0,1.0,1.0,1.0,1.0,1.0,0.0,25,8,0.05,0.1,4815162342
0.7611980990847526,0.7586323730708874,0.7617636815016141,0.7606728097345298,0.7586634902911402,0.7601860907365848,0.00130247453739379,1.0,1.0,1.0,1.0,1.0,1.0,0.0,75,10,0.05,0.001,4815162342
0.7995083205272739,0.7979297953951868,0.7992665849699094,0.7989584085903103,0.7978026318999739,0.7986931482765309,6.984877253228175E-4,1.0,1.0,1.0,1.0,1.0,1.0,0.0,25,6,0.05,0.1,4815162342
0.7675360351426338,0.7682489035845494,0.7701022472825645,0.7680135152546238,0.7694048493480484,0.768661110122484,9.471126018470894E-4,1.0,1.0,1.0,1.0,1.0,1.0,0.0,75,8,0.05,0.001,4815162342
0.8035475489340693,0.8041704894979472,0.8034403203111994,0.8040683948103783,0.8038700162207624,0.8038193539548713,2.8475556355459197E-4,1.0,1.0,1.0,1.0,1.0,1.0,0.0,25,6,0.03,0.001,4815162342
0.7987985791742279,0.7974532858919416,0.7991130851067456,0.7953823117460497,0.7966290671593703,0.797475265815667,0.001380623214035461,1.0,1.0,1.0,1.0,1.0,1.0,0.0,25,4,0.05,0.1,4815162342
0.8015290639115765,0.7995404124840799,0.800162852893703,0.7992143057819213,0.799226911354911,0.7999347092852384,8.682678464368192E-4,1.0,1.0,1.0,1.0,1.0,1.0,0.0,25,8,0.03,0.001,4815162342
0.7778987063654667,0.7777775860170979,0.7781766537845363,0.7780179904365525,0.7770015887462962,0.7777745050699899,4.083733120091893E-4,1.0,1.0,1.0,1.0,1.0,1.0,0.0,75,6,0.05,0.001,4815162342
0.7946902486862636,0.7933741592932544,0.7962890456233506,0.7935246145549912,0.7942572851650049,0.7944270706645729,0.0010476726511322858,1.0,1.0,1.0,1.0,1.0,1.0,0.0,25,2,0.05,0.1,4815162342
0.7889437821345643,0.7877207195435252,0.7854999840205996,0.7851725447584845,0.7857318654722444,0.7866137791858836,0.0014662672907401022,1.0,1.0,1.0,1.0,1.0,1.0,0.0,75,4,0.05,0.001,4815162342
0.7951121650491066,0.7931223912845706,0.7953237817290013,0.792648761393469,0.7944486789387881,0.7941311556789872,0.0010677692373475447,1.0,1.0,1.0,1.0,1.0,1.0,0.0,75,2,0.05,0.001,4815162342
0.7674560626713078,0.7639308676168637,0.7667984194054901,0.7658539306969152,0.7639581660390395,0.7655994892859233,0.0014441107210852314,1.0,1.0,1.0,1.0,1.0,1.0,0.0,50,10,0.05,0.001,4815162342
0.7725502090393155,0.773855666305222,0.7744599661690053,0.7731804346243131,0.7727832150522087,0.7733658982380129,7.037219213838295E-4,1.0,1.0,1.0,1.0,1.0,1.0,0.0,50,8,0.05,0.001,4815162342
0.7809235539433111,0.781988630763812,0.7809290382572346,0.7810852986704574,0.7810336301365531,0.7811920303542736,4.03063002551487E-4,1.0,1.0,1.0,1.0,1.0,1.0,0.0,50,6,0.05,0.001,4815162342
0.7904207548828541,0.7895065347069367,0.7891206545995386,0.7869146818501983,0.7874607565452102,0.7886846765169476,0.001304634591221553,1.0,1.0,1.0,1.0,1.0,1.0,0.0,50,4,0.05,0.001,4815162342
0.7952813489298437,0.793693663226368,0.7961807227396713,0.7929701142751663,0.7947913498655054,0.7945834398073109,0.001138080677130314,1.0,1.0,1.0,1.0,1.0,1.0,0.0,50,2,0.05,0.001,4815162342
0.806237260695123,0.805363029297768,0.8053928248706109,0.8033075698650401,0.8045502657084441,0.8049701900873973,9.878312829607416E-4,1.0,1.0,1.0,1.0,1.0,1.0,0.0,50,4,0.03,0.001,4815162342
0.8016378647840747,0.8013263578709156,0.8012009076991666,0.8012235115220903,0.8008491182218647,0.8012475520196223,2.5300495870258426E-4,1.0,1.0,1.0,1.0,1.0,1.0,0.0,50,6,0.03,0.001,4815162342
0.8074397736125656,0.8069361119317383,0.8082480053794413,0.807162574150885,0.8071935656502235,0.8073960061449708,4.549271642580004E-4,1.0,1.0,1.0,1.0,1.0,1.0,0.0,50,2,0.03,0.001,4815162342
0.8051574915296086,0.8037554470945908,0.8043570956831841,0.8021919532950297,0.8035835942503814,0.803809116370559,9.78504361496147E-4,1.0,1.0,1.0,1.0,1.0,1.0,0.0,75,4,0.03,0.001,4815162342
0.7997646811105911,0.7986742175096178,0.7990949368677595,0.7987282507423973,0.7985449245621731,0.7989614021585077,4.41220304853733E-4,1.0,1.0,1.0,1.0,1.0,1.0,0.0,75,6,0.03,0.001,4815162342
0.7979287668083743,0.7954025337008647,0.7962257890248351,0.7952057805842103,0.7951664419096345,0.7959858624055837,0.001044288492321605,1.0,1.0,1.0,1.0,1.0,1.0,0.0,50,8,0.03,0.001,4815162342
0.80728802390117,0.8064219019614489,0.8079899772332797,0.8068946228783653,0.8069162706355165,0.8071021593219563,5.221383611959791E-4,1.0,1.0,1.0,1.0,1.0,1.0,0.0,75,2,0.03,0.001,4815162342
0.7894703361604226,0.7889687942974807,0.7902149633864306,0.7882596602045843,0.7902101736533533,0.7894247855404544,7.494978902023985E-4,1.0,1.0,1.0,1.0,1.0,1.0,0.0,50,10,0.03,0.001,4815162342
0.7948753192999692,0.7924527912109911,0.7930570907601817,0.7920430812364962,0.7917508276251417,0.792835822026556,0.0011100335488387367,1.0,1.0,1.0,1.0,1.0,1.0,0.0,75,8,0.03,0.001,4815162342
0.7857627465699913,0.7847202564470869,0.7865009494893149,0.7845785780414524,0.7858380946958772,0.7854801250487446,7.266755849963056E-4,1.0,1.0,1.0,1.0,1.0,1.0,0.0,75,10,0.03,0.001,4815162342
0.7982141439322048,0.796468758530233,0.7972978054581604,0.7967985349538558,0.7967258259162456,0.7971010137581399,6.180277946132733E-4,1.0,1.0,1.0,1.0,1.0,1.0,0.0,100,6,0.03,0.001,4815162342
0.7925867683499719,0.7903393657335046,0.7904945123891044,0.7897006792598139,0.788886489983527,0.7904015631431843,0.0012307976903571116,1.0,1.0,1.0,1.0,1.0,1.0,0.0,100,8,0.03,0.001,4815162342
0.8071758054407359,0.8059347670065019,0.8078249731228391,0.8065133249200875,0.8067275366398505,0.8068352814260031,6.358675034580364E-4,1.0,1.0,1.0,1.0,1.0,1.0,0.0,100,2,0.03,0.001,4815162342
0.8043068961052872,0.8025078627008627,0.8033647203694986,0.8015662572090725,0.8026453902251406,0.8028782253219722,9.15469127940728E-4,1.0,1.0,1.0,1.0,1.0,1.0,0.0,100,4,0.03,0.001,4815162342
0.7982351640800908,0.7984213899079324,0.7985929459989677,0.7964215514427634,0.7985420884860537,0.7980426279831617,8.198451813087906E-4,1.0,1.0,1.0,1.0,1.0,1.0,0.0,75,10,0.02,0.001,4815162342
0.8190242590875982,0.8194685090526136,0.8167399025895594,0.8179346123727737,0.8172149174675488,0.8180764401140186,0.0010377750882857965,1.0,1.0,1.0,1.0,1.0,1.0,0.0,50,4,0.01,0.001,4815162342
0.8167057195164664,0.8173054164175556,0.8167182766929825,0.8164325636141915,0.8161829888836328,0.8166689930249659,3.7440922569256585E-4,1.0,1.0,1.0,1.0,1.0,1.0,0.0,50,6,0.01,0.001,4815162342
0.8089693886331556,0.8080139503869619,0.8085245947398778,0.8079038581724075,0.8070066509979285,0.8080836885860663,6.59708294662974E-4,1.0,1.0,1.0,1.0,1.0,1.0,0.0,75,6,0.02,0.001,4815162342
0.8048170425344475,0.8033972748902806,0.8034605022329743,0.8023233663232517,0.8032371996772851,0.8034470771316478,7.982781756023293E-4,1.0,1.0,1.0,1.0,1.0,1.0,0.0,75,8,0.02,0.001,4815162342
0.8172708388134423,0.8174240818863185,0.8174452845340574,0.8171680308032889,0.8170466995268165,0.8172709871127848,1.5147445040191465E-4,1.0,1.0,1.0,1.0,1.0,1.0,0.0,50,2,0.01,0.001,4815162342
0.8173260434202784,0.8175585666350381,0.8173450743580791,0.8171775582819287,0.8173488107501234,0.8173512106890897,1.2151415762593145E-4,1.0,1.0,1.0,1.0,1.0,1.0,0.0,75,2,0.01,0.001,4815162342
0.818918674507037,0.8193211948536353,0.8165762179558346,0.8181643323253576,0.8172775233286288,0.8180515885940988,0.0010151201642236945,1.0,1.0,1.0,1.0,1.0,1.0,0.0,75,4,0.01,0.001,4815162342
0.8142929376419406,0.8149717786165279,0.813832964762274,0.8135118242106631,0.814095992668903,0.8141410995800618,4.911316826592686E-4,1.0,1.0,1.0,1.0,1.0,1.0,0.0,50,8,0.01,0.001,4815162342
0.8099468646513175,0.8119380499894441,0.8104415497530898,0.8095632401718388,0.8115119056185424,0.8106803220368464,9.073317683293115E-4,1.0,1.0,1.0,1.0,1.0,1.0,0.0,50,10,0.01,0.001,4815162342
0.774826258698297,0.7723800658094506,0.7745088293545496,0.7740498112821318,0.7746116398209236,0.7740753209930705,8.84761629440962E-4,1.0,1.0,1.0,1.0,1.0,1.0,0.0,75,10,0.04,0.001,4815162342
0.788866197530005,0.7894978150941507,0.7881530718309562,0.7883751297995318,0.7890296268059902,0.7887843682121268,4.778839750023652E-4,1.0,1.0,1.0,1.0,1.0,1.0,0.0,75,6,0.04,0.001,4815162342
0.780533489946244,0.7811106233610527,0.782292901588902,0.7817062593552738,0.7812084630989203,0.7813703474700786,5.929479866575888E-4,1.0,1.0,1.0,1.0,1.0,1.0,0.0,75,8,0.04,0.001,4815162342
0.7986091580873265,0.7972472250159006,0.7970697261637176,0.7946825538236643,0.7962409800385447,0.7967699286258307,0.001291307522818795,1.0,1.0,1.0,1.0,1.0,1.0,0.0,50,4,0.04,0.001,4815162342
0.7914662733351994,0.7927384640409386,0.7909379663023378,0.791283747737024,0.791548727382418,0.7915950357595836,6.090637022456392E-4,1.0,1.0,1.0,1.0,1.0,1.0,0.0,50,6,0.04,0.001,4815162342
0.8016323519413132,0.8006491640237334,0.8025735496194205,0.8009076419418487,0.8012809361277338,0.8014087287308099,6.709951574382632E-4,1.0,1.0,1.0,1.0,1.0,1.0,0.0,50,2,0.04,0.001,4815162342
0.80135173823651,0.8001187381826184,0.8020363673013127,0.8008821756618166,0.8010215240278272,0.801082108682017,6.253056918272002E-4,1.0,1.0,1.0,1.0,1.0,1.0,0.0,75,2,0.04,0.001,4815162342
0.7966799974364772,0.7957927066435819,0.7956353390542908,0.7927945169178772,0.7948876502356246,0.7951580420575703,0.0013119697068557663,1.0,1.0,1.0,1.0,1.0,1.0,0.0,75,4,0.04,0.001,4815162342
0.7866661417775651,0.7848151079984065,0.7859094199539275,0.7854881953432371,0.7848623494527863,0.7855482429051845,6.916197045607456E-4,1.0,1.0,1.0,1.0,1.0,1.0,0.0,50,8,0.04,0.001,4815162342
0.7789256734990023,0.776573475218753,0.7790873398419511,0.7778385579361987,0.7786735861435068,0.7782197265278823,9.287125936019043E-4,1.0,1.0,1.0,1.0,1.0,1.0,0.0,50,10,0.04,0.001,4815162342
0.8088519164150355,0.8105083501324556,0.8093602231872062,0.808307201377196,0.8103504811069505,0.8094756344437688,8.484619197476051E-4,1.0,1.0,1.0,1.0,1.0,1.0,0.0,75,10,0.01,0.001,4815162342
0.8135279347146673,0.8131750797828158,0.8125498837563527,0.8113542102944282,0.8115317552394782,0.8124277727575485,8.64768058249622E-4,1.0,1.0,1.0,1.0,1.0,1.0,0.0,50,4,0.02,0.001,4815162342
0.8103593973620298,0.8096839634998911,0.8098813132855355,0.809414018121699,0.8086940110584017,0.8096065406655114,5.510104730799042E-4,1.0,1.0,1.0,1.0,1.0,1.0,0.0,50,6,0.02,0.001,4815162342
0.8163647802006543,0.8168602988933137,0.8164279858439296,0.815923360743874,0.8159568097557751,0.8163066470875092,3.446527105990215E-4,1.0,1.0,1.0,1.0,1.0,1.0,0.0,75,6,0.01,0.001,4815162342
0.8136419301788415,0.8140422382223963,0.8128841874392108,0.8126149882853742,0.813101314209235,0.8132569316670116,5.177212759377752E-4,1.0,1.0,1.0,1.0,1.0,1.0,0.0,75,8,0.01,0.001,4815162342
0.8126155767269204,0.8125875498100001,0.8132032635245445,0.8124775144516551,0.8125774565768634,0.8126922722179966,2.5971700988128716E-4,1.0,1.0,1.0,1.0,1.0,1.0,0.0,50,2,0.02,0.001,4815162342
0.8125308641353994,0.8123518714800697,0.8130194222416197,0.8123069980220837,0.8125112167400128,0.8125440745238371,2.531232422511715E-4,1.0,1.0,1.0,1.0,1.0,1.0,0.0,75,2,0.02,0.001,4815162342
0.8127605321077732,0.8120582677432298,0.8118737501988272,0.8110104535503984,0.8111265173442735,0.8117659041889006,6.427928299310017E-4,1.0,1.0,1.0,1.0,1.0,1.0,0.0,75,4,0.02,0.001,4815162342
0.806968031005961,0.8060963560661607,0.8057681312697006,0.804840124187413,0.8053379107345333,0.8058021106527538,7.194448909237349E-4,1.0,1.0,1.0,1.0,1.0,1.0,0.0,50,8,0.02,0.001,4815162342
0.8008940171898518,0.8015339670252061,0.8012438633987243,0.7991213320156726,0.8018389456958536,0.8009264250650616,9.551941601542437E-4,1.0,1.0,1.0,1.0,1.0,1.0,0.0,50,10,0.02,0.001,4815162342
0.7922737407603663,0.7901338314898143,0.7909653227776148,0.7903490786743451,0.7901535226702799,0.7907750992744841,8.076121200975741E-4,1.0,1.0,1.0,1.0,1.0,1.0,0.0,25,8,0.04,0.001,4815162342
0.7852306010253859,0.7837981308369771,0.7854349813293205,0.7838513976791714,0.7844721160278528,0.7845574453797416,6.790509398703412E-4,1.0,1.0,1.0,1.0,1.0,1.0,0.0,25,10,0.04,0.001,4815162342
0.8006764348556534,0.7999942925071652,0.7989136596885281,0.7971049565420087,0.7977524935906162,0.7988883674367944,0.0013335410655641322,1.0,1.0,1.0,1.0,1.0,1.0,0.0,25,4,0.04,0.001,4815162342
0.7951300370356935,0.796393982061715,0.7947408540420937,0.7956916813446805,0.7957539051025003,0.7955420919173366,5.665209613917037E-4,1.0,1.0,1.0,1.0,1.0,1.0,0.0,25,6,0.04,0.001,4815162342
0.8124864877397014,0.8125259613678264,0.8134094255736505,0.8122480204402223,0.8120754048114379,0.8125490599865678,4.6035894888511405E-4,1.0,1.0,1.0,1.0,1.0,1.0,0.0,25,2,0.02,0.001,4815162342
0.808630783529356,0.8083788391846819,0.8079987563726196,0.8073832615047746,0.807706220307083,0.8080195721797031,4.485902503929554E-4,1.0,1.0,1.0,1.0,1.0,1.0,0.0,25,8,0.02,0.001,4815162342
0.8034603317635879,0.8049128413537535,0.8036129194096469,0.8022375743707588,0.8046975016564681,0.8037842337108432,9.627283861652776E-4,1.0,1.0,1.0,1.0,1.0,1.0,0.0,25,10,0.02,0.001,4815162342
0.8140186188699009,0.8138308383193945,0.8125919361322843,0.8112267805242338,0.8113656176345451,0.8126067582960717,0.0011778548868542414,1.0,1.0,1.0,1.0,1.0,1.0,0.0,25,4,0.02,0.001,4815162342
0.8109591345406827,0.811300799182139,0.8108663855703302,0.8108337963356765,0.8102980057691478,0.8108516242795953,3.2259750021130406E-4,1.0,1.0,1.0,1.0,1.0,1.0,0.0,25,6,0.02,0.001,4815162342
0.8019097209903827,0.8012933387807029,0.8031673964593723,0.8004413801719603,0.8015429150168664,0.8016709502838569,8.90751227165752E-4,1.0,1.0,1.0,1.0,1.0,1.0,0.0,25,2,0.04,0.001,4815162342
0.8132616259813596,0.8140130695566187,0.8127665106792189,0.8133138447514247,0.8138594177716306,0.8134428937480506,4.4846369250342295E-4,1.0,1.0,1.0,1.0,1.0,1.0,0.0,25,8,0.01,0.001,4815162342
0.8098398916443306,0.8119623602243848,0.8104142640827351,0.809582414210173,0.8110266130138457,0.8105651086350939,8.578671681352529E-4,1.0,1.0,1.0,1.0,1.0,1.0,0.0,25,10,0.01,0.001,4815162342
0.817531620218542,0.8178956515913279,0.8158642164928646,0.8163878945539123,0.8158035677268926,0.816696590116708,8.626298719333022E-4,1.0,1.0,1.0,1.0,1.0,1.0,0.0,25,4,0.01,0.001,4815162342
0.8152118171567688,0.8161068435207668,0.8149035202167937,0.8154628548245438,0.8150834851881481,0.8153537041814042,4.183177169238642E-4,1.0,1.0,1.0,1.0,1.0,1.0,0.0,25,6,0.01,0.001,4815162342
0.7569325350224371,0.7553216002907625,0.7590517906464748,0.7564910651375646,0.7547160175040881,0.7565026017202654,0.0015013319057787923,1.0,1.0,1.0,1.0,1.0,1.0,0.0,100,10,0.05,0.001,4815162342
0.756681964110928,0.7656141470417988,0.7674561962009863,0.7639206577843941,0.7670109289204925,0.7641367788117199,0.003926394225259677,1.0,1.0,1.0,1.0,1.0,1.0,0.0,100,8,0.05,0.001,4815162342
0.7750933089856541,0.7754993481733369,0.7761688282643501,0.7755319575090922,0.7749594639509959,0.7754505813766859,4.2278097266320485E-4,1.0,1.0,1.0,1.0,1.0,1.0,0.0,100,6,0.05,0.001,4815162342
0.8163835597578593,0.8162275417073073,0.8170345169868652,0.8164645787259361,0.8153893919758439,0.8162999178307622,5.3066764330159E-4,1.0,1.0,1.0,1.0,1.0,1.0,0.0,25,2,0.01,0.001,4815162342
0.7878546965681607,0.7865863472232817,0.7842032018970397,0.7834832421569293,0.7844141362048205,0.7853083248100464,0.0016412889461962924,1.0,1.0,1.0,1.0,1.0,1.0,0.0,100,4,0.05,0.001,4815162342
0.7949886496863183,0.7924862337047771,0.7944988088862134,0.792415982663433,0.794212513266395,0.7937204376414273,0.0010659478554845584,1.0,1.0,1.0,1.0,1.0,1.0,0.0,100,2,0.05,0.001,4815162342
0.816129424559661,0.8170155418130943,0.8157823378355714,0.8163383258979993,0.8159855174777888,0.8162502295168229,4.235688397107228E-4,1.0,1.0,1.0,1.0,1.0,1.0,0.0,25,6,0.01,0.01,4815162342
0.8178173243364917,0.8181463424858066,0.8162249952090755,0.8167091305664826,0.8162017931151447,0.8170199171426002,8.12712542942588E-4,1.0,1.0,1.0,1.0,1.0,1.0,0.0,25,4,0.01,0.01,4815162342
0.800796780465015,0.799653187756541,0.7994888692675006,0.7967486763312867,0.7985747431213379,0.7990524513883361,0.00135126706308765,1.0,1.0,1.0,1.0,1.0,1.0,0.0,50,4,0.04,0.01,4815162342
0.8122646008957184,0.8140652448258129,0.8127935737373728,0.8119086370254789,0.8133918185604767,0.8128847750089718,7.74129332489613E-4,1.0,1.0,1.0,1.0,1.0,1.0,0.0,25,10,0.01,0.01,4815162342
0.8021082098296642,0.8010995830257926,0.8029349181574561,0.8013393630370816,0.8017323712429306,0.801842889058585,6.451634156771184E-4,1.0,1.0,1.0,1.0,1.0,1.0,0.0,50,2,0.04,0.01,4815162342
0.8149721240117489,0.8155293151895785,0.8144654740659123,0.8149896626223715,0.8154703622868196,0.8150853876352862,3.877014097966096E-4,1.0,1.0,1.0,1.0,1.0,1.0,0.0,25,8,0.01,0.01,4815162342
0.8162268467800282,0.8160786573811989,0.8168869243523867,0.816302734483301,0.8152158484486303,0.8161422022891092,5.38463670053747E-4,1.0,1.0,1.0,1.0,1.0,1.0,0.0,25,2,0.01,0.01,4815162342
0.7918817742508203,0.7897059832143724,0.7908193421595325,0.790306100051315,0.7889660907019861,0.7903358580756052,9.89697349582878E-4,1.0,1.0,1.0,1.0,1.0,1.0,0.0,75,8,0.04,0.01,4815162342
0.8010748763408723,0.7988587317170248,0.799115152795323,0.7985004338834731,0.7986086468839348,0.7992315683241256,9.458258662672381E-4,1.0,1.0,1.0,1.0,1.0,1.0,0.0,75,8,0.03,0.01,4815162342
0.8129823849122043,0.8130810335037885,0.8126294745299912,0.8126786242815012,0.8120439730860588,0.8126830980627087,3.631257267959637E-4,1.0,1.0,1.0,1.0,1.0,1.0,0.0,25,6,0.02,0.01,4815162342
0.804286024485237,0.8027226838613931,0.8031259416901979,0.802947581397421,0.8023417250968302,0.8030847913062159,6.55248083809702E-4,1.0,1.0,1.0,1.0,1.0,1.0,0.0,75,6,0.03,0.01,4815162342
0.794692699122605,0.7942784146334818,0.794058348006727,0.7940820819047464,0.7938776119051949,0.794197831114551,2.7813011627576774E-4,1.0,1.0,1.0,1.0,1.0,1.0,0.0,75,6,0.04,0.01,4815162342
0.8147732288235124,0.8146468168319694,0.8132771852736765,0.8120995979139225,0.8121806997725022,0.8133955057231166,0.0011517838954280316,1.0,1.0,1.0,1.0,1.0,1.0,0.0,25,4,0.02,0.01,4815162342
0.8077595881867713,0.8088400764077095,0.8079268414862649,0.806417464662967,0.8089746519173788,0.8079837245322181,9.189035180705982E-4,1.0,1.0,1.0,1.0,1.0,1.0,0.0,25,10,0.02,0.01,4815162342
0.8202148069906481,0.8197340780448735,0.8188985131491463,0.8194922600667599,0.8197942095625209,0.8196267735627897,4.321549464843279E-4,1.0,1.0,1.0,1.0,1.0,1.0,0.0,100,8,0.01,0.1,4815162342
0.7778619616609499,0.77815788223222,0.7796843260872443,0.7787654676836188,0.7780259131825648,0.7784991101693196,6.666323143344346E-4,1.0,1.0,1.0,1.0,1.0,1.0,0.0,100,8,0.05,0.01,4815162342
0.8201983398622018,0.8200643713897794,0.8193443731754754,0.8196825398571786,0.8202183066648218,0.8199015861898914,3.3862701070112595E-4,1.0,1.0,1.0,1.0,1.0,1.0,0.0,100,10,0.01,0.1,4815162342
0.7953403171052544,0.7935309843647966,0.7953222654155702,0.7936404093587391,0.7942100212015613,0.7944087994891843,7.877360802345649E-4,1.0,1.0,1.0,1.0,1.0,1.0,0.0,75,10,0.03,0.01,4815162342
0.8114852989127803,0.8113472162419043,0.8109013745262957,0.8104192874442081,0.8109892638780564,0.8110284882006489,3.739212714834417E-4,1.0,1.0,1.0,1.0,1.0,1.0,0.0,25,8,0.02,0.01,4815162342
0.7731731881719944,0.7704277509249478,0.7737551551523233,0.7723515596850347,0.7703586793829558,0.7720132666634513,0.0013961056412691536,1.0,1.0,1.0,1.0,1.0,1.0,0.0,100,10,0.05,0.01,4815162342
0.785020232718288,0.7830658213681693,0.7852928601582765,0.7849683356093833,0.7846465813722833,0.7845987662452799,7.934970882672067E-4,1.0,1.0,1.0,1.0,1.0,1.0,0.0,75,10,0.04,0.01,4815162342
0.7970097797912802,0.7957948762616279,0.7972750661141244,0.7955393426422884,0.7968915702309217,0.7965021270080486,6.977061827346203E-4,1.0,1.0,1.0,1.0,1.0,1.0,0.0,50,10,0.03,0.01,4815162342
0.7934874452409516,0.7914079666169531,0.7924450483009841,0.7921306708413854,0.791266497332502,0.7921475256665552,8.009178212816287E-4,1.0,1.0,1.0,1.0,1.0,1.0,0.0,50,8,0.04,0.01,4815162342
0.7960430646392257,0.7963637483020707,0.7952511977837067,0.7956269564267346,0.7954020046275042,0.7957373943558484,4.115394272524251E-4,1.0,1.0,1.0,1.0,1.0,1.0,0.0,50,6,0.04,0.01,4815162342
0.802681028941018,0.8005348926213091,0.8011961245551495,0.8003591526439399,0.8005478785789906,0.8010638154680814,8.573663229516412E-4,1.0,1.0,1.0,1.0,1.0,1.0,0.0,50,8,0.03,0.01,4815162342
0.8124567588772987,0.8124665737311145,0.8133759175426106,0.8121528338396728,0.8120504073176718,0.8125004982616737,4.6752012430547577E-4,1.0,1.0,1.0,1.0,1.0,1.0,0.0,25,2,0.02,0.01,4815162342
0.8073116906645093,0.806217852058694,0.8065591427991087,0.8043310541048448,0.8055331062420589,0.8059905691738433,0.0010083211857719392,1.0,1.0,1.0,1.0,1.0,1.0,0.0,75,4,0.03,0.01,4815162342
0.7997040663051865,0.7988904109656886,0.7988670982414295,0.7956742436054959,0.7980504197446129,0.7982372477724826,0.001384108771019418,1.0,1.0,1.0,1.0,1.0,1.0,0.0,75,4,0.04,0.01,4815162342
0.7872851221887488,0.7851616178313787,0.7875698079554327,0.786389193329707,0.7871700070495875,0.786715149670971,8.697026390830484E-4,1.0,1.0,1.0,1.0,1.0,1.0,0.0,50,10,0.04,0.01,4815162342
0.8076163238097089,0.8070102403293642,0.8082300772794271,0.8070787895894915,0.8072577646661142,0.8074386391348212,4.480354864624368E-4,1.0,1.0,1.0,1.0,1.0,1.0,0.0,75,2,0.03,0.01,4815162342
0.8020361478330055,0.8007950710199417,0.8026508252661064,0.8013921161351975,0.8016407416210591,0.801702980375062,6.2196786536811E-4,1.0,1.0,1.0,1.0,1.0,1.0,0.0,75,2,0.04,0.01,4815162342
0.8076463324499833,0.8072338467451377,0.8084002776836654,0.8072322482224376,0.8073895747427632,0.8075804559687974,4.368683064599424E-4,1.0,1.0,1.0,1.0,1.0,1.0,0.0,50,2,0.03,0.01,4815162342
0.7983172184467899,0.7988771355952244,0.797469936322237,0.7984587344907639,0.798403998767873,0.7983054047245777,4.6005521546110676E-4,1.0,1.0,1.0,1.0,1.0,1.0,0.0,25,6,0.04,0.01,4815162342
0.8092960257107013,0.8078275220483232,0.8077884755716862,0.8071225110866841,0.808366746804395,0.808080256244358,7.247701094996757E-4,1.0,1.0,1.0,1.0,1.0,1.0,0.0,75,8,0.02,0.01,4815162342
0.8021782961261522,0.80158929456785,0.8004290350729636,0.798463940238377,0.7992708601953473,0.800386285240138,0.0013856367014989204,1.0,1.0,1.0,1.0,1.0,1.0,0.0,25,4,0.04,0.01,4815162342
0.811983990647968,0.811066644825634,0.8111844491471989,0.8107385625585343,0.8098916923950314,0.8109730679148732,6.781989697661867E-4,1.0,1.0,1.0,1.0,1.0,1.0,0.0,75,6,0.02,0.01,4815162342
0.819550344707533,0.8198600571716712,0.8173114431269409,0.8183806900764706,0.8178205003182892,0.8185846070801809,9.803886821630084E-4,1.0,1.0,1.0,1.0,1.0,1.0,0.0,50,4,0.01,0.01,4815162342
0.8052212254510414,0.8044822248354185,0.8042928419350008,0.8044507400657986,0.8038684286786351,0.8044630921931788,4.37697273390264E-4,1.0,1.0,1.0,1.0,1.0,1.0,0.0,50,6,0.03,0.01,4815162342
0.7910273269233018,0.7895473047950267,0.7912870032841062,0.7895236189281309,0.7906152905526579,0.7904001088966447,7.378071229258579E-4,1.0,1.0,1.0,1.0,1.0,1.0,0.0,25,10,0.04,0.01,4815162342
0.816270438065349,0.8154131157235385,0.815375735973962,0.8156290657949035,0.8159708806463716,0.8157318472408249,3.4239920716992944E-4,1.0,1.0,1.0,1.0,1.0,1.0,0.0,100,8,0.02,0.1,4815162342
0.8171836848471361,0.8173243717069614,0.8173431633882461,0.8170588756193418,0.8169445573936804,0.8171709305910732,1.530830654920903E-4,1.0,1.0,1.0,1.0,1.0,1.0,0.0,50,2,0.01,0.01,4815162342
0.8078967233207096,0.8072965974933424,0.8071043918700195,0.8047281959312649,0.8059879793727642,0.8066027775976201,0.001122437681245378,1.0,1.0,1.0,1.0,1.0,1.0,0.0,50,4,0.03,0.01,4815162342
0.8052105318279923,0.804949134118076,0.8047610407802283,0.8031510104958354,0.8053040469941181,0.80467515284325,7.858232475761945E-4,1.0,1.0,1.0,1.0,1.0,1.0,0.0,75,10,0.02,0.01,4815162342
0.8161631747076609,0.815745899713997,0.8153862527957539,0.8158440458699812,0.8161270781435418,0.815853290246187,2.8310081497706825E-4,1.0,1.0,1.0,1.0,1.0,1.0,0.0,100,10,0.02,0.1,4815162342
0.7965561278756569,0.7944826545779352,0.7953659603578137,0.7948513014293161,0.7946591768714272,0.7951830442224298,7.475095942779368E-4,1.0,1.0,1.0,1.0,1.0,1.0,0.0,25,8,0.04,0.01,4815162342
0.8106248360703799,0.8097546931687035,0.8093798307872214,0.8086598616697844,0.8095836396550875,0.8096005722702355,6.335328773174973E-4,1.0,1.0,1.0,1.0,1.0,1.0,0.0,50,8,0.02,0.01,4815162342
0.8128815948668185,0.8121349957680234,0.8121199107801829,0.8117398925401168,0.8110163849116822,0.8119785557733648,6.070695545261012E-4,1.0,1.0,1.0,1.0,1.0,1.0,0.0,50,6,0.02,0.01,4815162342
0.8021142832536461,0.801459109682962,0.8033630946086134,0.8006898144765268,0.8017440901085449,0.8018740784260586,8.79368486324648E-4,1.0,1.0,1.0,1.0,1.0,1.0,0.0,25,2,0.04,0.01,4815162342
0.8141578392723057,0.8135288508494912,0.8129758825140183,0.8123310648157552,0.8122361932736436,0.8130459661450427,7.267967003403867E-4,1.0,1.0,1.0,1.0,1.0,1.0,0.0,75,4,0.02,0.01,4815162342
0.8065409281050476,0.8068581694377462,0.8065213643200556,0.8046521508742502,0.8072906567352808,0.8063726538944762,9.043247427454564E-4,1.0,1.0,1.0,1.0,1.0,1.0,0.0,50,10,0.02,0.01,4815162342
0.8126418976105784,0.8126087908961986,0.8130630921444958,0.8122998857632872,0.8125984903872526,0.8126424313603625,2.4386707699858745E-4,1.0,1.0,1.0,1.0,1.0,1.0,0.0,75,2,0.02,0.01,4815162342
0.816502910870874,0.8167500552817665,0.8154955564024124,0.8154041571726881,0.8160355344555514,0.8160376428366585,5.327611227422649E-4,1.0,1.0,1.0,1.0,1.0,1.0,0.0,75,8,0.01,0.01,4815162342
0.818091666906795,0.8185445424348076,0.8179229004108913,0.8176574381255354,0.8175836832554365,0.8179600462266932,3.4454618888666655E-4,1.0,1.0,1.0,1.0,1.0,1.0,0.0,75,6,0.01,0.01,4815162342
0.8146449479595339,0.8142940917364997,0.8134484833338662,0.8124318025324168,0.8124457008000863,0.8134530052724805,9.149526319459765E-4,1.0,1.0,1.0,1.0,1.0,1.0,0.0,50,4,0.02,0.01,4815162342
0.8066232495293385,0.8048902655552014,0.8065575929107318,0.8056787834382901,0.8052966654783168,0.8058093113823757,6.851144652307832E-4,1.0,1.0,1.0,1.0,1.0,1.0,0.0,100,8,0.04,0.1,4815162342
0.812677528461834,0.8126874530075782,0.8132120724055525,0.8124305574367684,0.8126033844125062,0.8127221991448478,2.6166788188174264E-4,1.0,1.0,1.0,1.0,1.0,1.0,0.0,50,2,0.02,0.01,4815162342
0.8130365669291798,0.814383909718113,0.813283323244333,0.812209541525219,0.8143821287156605,0.813459094026501,8.340363385534816E-4,1.0,1.0,1.0,1.0,1.0,1.0,0.0,75,10,0.01,0.01,4815162342
0.8054112180423683,0.8047219583635996,0.8063258121580246,0.805948990725214,0.805492291685966,0.8055800541950345,5.412588037224031E-4,1.0,1.0,1.0,1.0,1.0,1.0,0.0,100,10,0.04,0.1,4815162342
0.816633417131236,0.8171787970311114,0.815994833935517,0.8158265611989941,0.8165067760378423,0.8164280770669402,4.8196669697140514E-4,1.0,1.0,1.0,1.0,1.0,1.0,0.0,50,8,0.01,0.01,4815162342
0.8180959989390014,0.8186173747673093,0.8179917172829271,0.8177649311805636,0.8174717138876326,0.8179883472114868,3.8055239639044806E-4,1.0,1.0,1.0,1.0,1.0,1.0,0.0,50,6,0.01,0.01,4815162342
0.8196250762057103,0.8198649279091786,0.8172752428603665,0.8186799285661643,0.8180023362772539,0.8186895023637348,9.725577060049293E-4,1.0,1.0,1.0,1.0,1.0,1.0,0.0,75,4,0.01,0.01,4815162342
0.8133837870852532,0.8150296845409517,0.8137823650033157,0.8127807871938844,0.8148737419143975,0.8139700731475605,8.640324437246876E-4,1.0,1.0,1.0,1.0,1.0,1.0,0.0,50,10,0.01,0.01,4815162342
0.8172751856354238,0.8175012665465505,0.8172759569556894,0.8170848984956783,0.8172724241800428,0.8172819463626769,1.3198595177837507E-4,1.0,1.0,1.0,1.0,1.0,1.0,0.0,75,2,0.01,0.01,4815162342
0.8199179970088671,0.8194870794351395,0.8186893829706168,0.8192055410908778,0.819484405919951,0.8193568812850905,4.041095892085366E-4,1.0,1.0,1.0,1.0,1.0,1.0,0.0,75,8,0.01,0.1,4815162342
0.7791114067136676,0.779551230971894,0.7811710662671769,0.7799534217162883,0.7792081343345278,0.779799052000711,7.469549046358328E-4,1.0,1.0,1.0,1.0,1.0,1.0,0.0,75,8,0.05,0.01,4815162342
0.8062588647954017,0.8063664112856659,0.8056837711041177,0.806327119656254,0.8060080266275723,0.8061288386938024,2.550857025813492E-4,1.0,1.0,1.0,1.0,1.0,1.0,0.0,25,6,0.03,0.01,4815162342
0.8198026253788899,0.8198074983907255,0.8191029819473236,0.8192994335569909,0.8200175210390976,0.8196060120626054,3.451442745515929E-4,1.0,1.0,1.0,1.0,1.0,1.0,0.0,75,10,0.01,0.1,4815162342
0.7745472817342794,0.7723174018910386,0.7746544776710791,0.7743920139799917,0.7717720249872874,0.7735366400527351,0.0012331285520198053,1.0,1.0,1.0,1.0,1.0,1.0,0.0,75,10,0.05,0.01,4815162342
0.8087321664453143,0.8085054936039194,0.8073745900795585,0.8056232466328895,0.8062236922871554,0.8072918378097673,0.0012230687859839722,1.0,1.0,1.0,1.0,1.0,1.0,0.0,25,4,0.03,0.01,4815162342
0.8180322780369206,0.8175635903005612,0.8163910858333105,0.8167552854484142,0.8167446930598359,0.8170973865358085,6.052527725604093E-4,1.0,1.0,1.0,1.0,1.0,1.0,0.0,75,4,0.01,0.1,4815162342
0.7927168789068965,0.7914042748255573,0.7917129106531886,0.7883401283990695,0.7896555633888415,0.7907659512347107,0.00156383410419058,1.0,1.0,1.0,1.0,1.0,1.0,0.0,75,4,0.05,0.01,4815162342
0.8000087365809986,0.7997434339702617,0.8000779641467609,0.7982171279149378,0.8004996085368855,0.799709374229969,7.845897952988415E-4,1.0,1.0,1.0,1.0,1.0,1.0,0.0,25,10,0.03,0.01,4815162342
0.8076834803082558,0.8089823575325394,0.8080084312183848,0.8069127746118788,0.8090844968367351,0.8081343081015587,8.16490198983964E-4,1.0,1.0,1.0,1.0,1.0,1.0,0.0,100,10,0.01,0.001,4815162342
0.8191519518664524,0.8187881062670532,0.8181713165046578,0.8185460425689842,0.8183521190223131,0.8186019072458921,3.4297013435288315E-4,1.0,1.0,1.0,1.0,1.0,1.0,0.0,75,6,0.01,0.1,4815162342
0.7853780503927951,0.7852332894284616,0.7857001838965892,0.7843847053996091,0.7838200933056686,0.7849032644846247,6.94490028566423E-4,1.0,1.0,1.0,1.0,1.0,1.0,0.0,75,6,0.05,0.01,4815162342
0.804871027527086,0.8032951906947992,0.8037791319885491,0.8029564842261021,0.803179092718151,0.8036161854309374,6.827113016150443E-4,1.0,1.0,1.0,1.0,1.0,1.0,0.0,25,8,0.03,0.01,4815162342
0.803783793304974,0.802496851768803,0.8044099996368247,0.8029773521659177,0.802979470618518,0.8033294934990074,6.802490152548655E-4,1.0,1.0,1.0,1.0,1.0,1.0,0.0,100,4,0.04,0.1,4815162342
0.8058125500227992,0.8043969732665378,0.8049979509749277,0.8048651739183789,0.8044426798881205,0.8049030656141529,5.110157302701381E-4,1.0,1.0,1.0,1.0,1.0,1.0,0.0,100,6,0.04,0.1,4815162342
0.8075777224659029,0.8073278478507019,0.8086923657769162,0.8068860254782037,0.8072380572550722,0.8075444037653593,6.153265041130229E-4,1.0,1.0,1.0,1.0,1.0,1.0,0.0,25,2,0.03,0.01,4815162342
0.8002227793073342,0.7993057732002645,0.8011751078631938,0.7995596271319814,0.8002660231862354,0.8001058621378018,6.51325202458656E-4,1.0,1.0,1.0,1.0,1.0,1.0,0.0,100,2,0.04,0.1,4815162342
0.7959705787282338,0.7944335898928612,0.7968382863241572,0.7941043497579368,0.7955259040523806,0.7953745417511139,0.001001947792904735,1.0,1.0,1.0,1.0,1.0,1.0,0.0,50,2,0.05,0.01,4815162342
0.8139070891747332,0.8138152579991176,0.8138188311784764,0.8136700447461199,0.813505116041386,0.8137432678279666,1.412853364689394E-4,1.0,1.0,1.0,1.0,1.0,1.0,0.0,50,2,0.01,0.1,4815162342
0.7935474021463145,0.7922456522555716,0.7924989932052101,0.7895259218210466,0.7904482322962375,0.7916532403448759,0.0014581925251376867,1.0,1.0,1.0,1.0,1.0,1.0,0.0,50,4,0.05,0.01,4815162342
0.8174040928737535,0.8170894592975068,0.8158822966343617,0.8162066383474709,0.8161509210575851,0.8165466816421356,5.904955417883458E-4,1.0,1.0,1.0,1.0,1.0,1.0,0.0,50,4,0.01,0.1,4815162342
0.8187713437584836,0.8190682174433835,0.8183473903926882,0.8182736909548113,0.8192759685952842,0.8187473222289302,3.917371084448828E-4,1.0,1.0,1.0,1.0,1.0,1.0,0.0,50,10,0.01,0.1,4815162342
0.7772691890225517,0.7749469573126194,0.7768264694163601,0.7766440467342236,0.7746067153096048,0.7760586755590719,0.00107159840339391,1.0,1.0,1.0,1.0,1.0,1.0,0.0,50,10,0.05,0.01,4815162342
0.8142429921218315,0.8130607538031971,0.8135248557687462,0.8122886470781346,0.8125165017049045,0.8131267500953628,7.047921204097667E-4,1.0,1.0,1.0,1.0,1.0,1.0,0.0,100,4,0.02,0.1,4815162342
0.8158225402533404,0.8161858439653509,0.8157097081573257,0.8153344293275766,0.8154775604339728,0.8157060164275134,2.9465064423673604E-4,1.0,1.0,1.0,1.0,1.0,1.0,0.0,100,6,0.01,0.001,4815162342
0.7959262666853247,0.7941707350994198,0.7963045758361755,0.7942406399723827,0.7954809622688265,0.7952246359724259,8.721483950623226E-4,1.0,1.0,1.0,1.0,1.0,1.0,0.0,75,2,0.05,0.01,4815162342
0.8141434185847994,0.8140527866213855,0.813892352926387,0.8137894550060234,0.813970459853628,0.8139696945984447,1.2292513025394898E-4,1.0,1.0,1.0,1.0,1.0,1.0,0.0,75,2,0.01,0.1,4815162342
0.8127976320986325,0.812929643919873,0.8117354141164379,0.8115548702058868,0.8119867736583819,0.8122008667998424,5.598282925382184E-4,1.0,1.0,1.0,1.0,1.0,1.0,0.0,100,8,0.01,0.001,4815162342
0.815761074641415,0.81450527727227,0.8146258288427253,0.8147559810129996,0.8144393277829246,0.8148174979104669,4.840150368885501E-4,1.0,1.0,1.0,1.0,1.0,1.0,0.0,100,6,0.02,0.1,4815162342
0.8182027360563284,0.8180997378299303,0.8173690224517399,0.8177119784255705,0.8174020413245782,0.8177571032176294,3.448764938589977E-4,1.0,1.0,1.0,1.0,1.0,1.0,0.0,50,6,0.01,0.1,4815162342
0.786711814669289,0.7870720685891529,0.786689476817012,0.7862510656430168,0.7858120431005334,0.7865072937638008,4.3428479219625955E-4,1.0,1.0,1.0,1.0,1.0,1.0,0.0,50,6,0.05,0.01,4815162342
0.8172689924279875,0.8175297454108017,0.8172451077145422,0.8170847611828628,0.8174512532698595,0.8173159720012106,1.5791602973844957E-4,1.0,1.0,1.0,1.0,1.0,1.0,0.0,100,2,0.01,0.001,4815162342
0.7819326470102479,0.7817349625340659,0.7831399098337158,0.7818073974104682,0.7811693455374197,0.7819568524651835,6.468306977060723E-4,1.0,1.0,1.0,1.0,1.0,1.0,0.0,50,8,0.05,0.01,4815162342
0.81903977128139,0.8187605614943629,0.817988308053684,0.8184712901287664,0.8186748901829424,0.8185869642282292,3.5061971545282495E-4,1.0,1.0,1.0,1.0,1.0,1.0,0.0,50,8,0.01,0.1,4815162342
0.8098557067031754,0.8095702052053068,0.8100602668616578,0.809264489648363,0.8098769189250571,0.809725517468712,2.7878211712052214E-4,1.0,1.0,1.0,1.0,1.0,1.0,0.0,100,2,0.02,0.1,4815162342
0.8185546345776915,0.8189029363559356,0.8164334458880285,0.8180363862649372,0.8172365290128288,0.8178327864198843,8.968183054586797E-4,1.0,1.0,1.0,1.0,1.0,1.0,0.0,100,4,0.01,0.001,4815162342
0.8066412846281119,0.8049562215035956,0.8064235928768101,0.8057014676748327,0.8054798923997009,0.8058404918166101,6.18477099222006E-4,1.0,1.0,1.0,1.0,1.0,1.0,0.0,75,8,0.04,0.1,4815162342
0.8098079832987715,0.8095456451535105,0.8101256571332347,0.8093021845655709,0.8096401720826675,0.8096843284467511,2.7469194315747066E-4,1.0,1.0,1.0,1.0,1.0,1.0,0.0,50,2,0.02,0.1,4815162342
0.8054786237307127,0.8046956230803196,0.8063695970607381,0.8059471058459987,0.8056703749257307,0.8056322649287001,5.559027644959869E-4,1.0,1.0,1.0,1.0,1.0,1.0,0.0,75,10,0.04,0.1,4815162342
0.8141269026955241,0.8131287912141253,0.8132568149672458,0.8120685758514381,0.8122425553569249,0.8129647280170517,7.4665970258997E-4,1.0,1.0,1.0,1.0,1.0,1.0,0.0,50,4,0.02,0.1,4815162342
0.8040246204790669,0.8025857559172579,0.8043950452793724,0.8027632058069146,0.8027543504227495,0.8033045955810723,7.510152438330402E-4,1.0,1.0,1.0,1.0,1.0,1.0,0.0,75,4,0.04,0.1,4815162342
0.7704301320661473,0.7691952858516962,0.7714163046248058,0.7710371532342011,0.7715538770566581,0.7707265505667017,8.589923577779189E-4,1.0,1.0,1.0,1.0,1.0,1.0,0.0,100,10,0.04,0.001,4815162342
0.8058630433612913,0.8043521853875446,0.8048533065485269,0.8047775320510495,0.8043335071789064,0.8048359149054638,5.558977715227079E-4,1.0,1.0,1.0,1.0,1.0,1.0,0.0,75,6,0.04,0.1,4815162342
0.8182184621765874,0.8177073221325527,0.8166193850715073,0.8169572486621822,0.81694348918428,0.817289181445422,5.859546067847874E-4,1.0,1.0,1.0,1.0,1.0,1.0,0.0,100,4,0.01,0.1,4815162342
0.8077595187402972,0.8066048703864236,0.8071575134936049,0.8064364537337082,0.8056462492580763,0.806720921122422,7.097333294998643E-4,1.0,1.0,1.0,1.0,1.0,1.0,0.0,100,6,0.02,0.001,4815162342
0.8159974247023868,0.8156147927541336,0.8153797018719077,0.8153320721024709,0.8162216142727319,0.8157091211407262,3.4795086735183714E-4,1.0,1.0,1.0,1.0,1.0,1.0,0.0,50,10,0.02,0.1,4815162342
0.7921317843781535,0.7909163286864351,0.7914063816198781,0.7876490355599368,0.7891036395488371,0.7902414339586482,0.0016371387376860884,1.0,1.0,1.0,1.0,1.0,1.0,0.0,100,4,0.05,0.01,4815162342
0.8098449873487648,0.8095713489319653,0.8100806785879854,0.8092834488760706,0.8098222424430648,0.8097205412375702,2.7160153073484827E-4,1.0,1.0,1.0,1.0,1.0,1.0,0.0,75,2,0.02,0.1,4815162342
0.7846529424920795,0.7840575202360617,0.7853368709502414,0.783314271144809,0.7828826308255581,0.78404884712975,8.858525991980225E-4,1.0,1.0,1.0,1.0,1.0,1.0,0.0,100,6,0.05,0.01,4815162342
0.8194666205752066,0.8190106829836763,0.8184094872404538,0.8189069160314639,0.818829557573164,0.8189246528807927,3.393769322547851E-4,1.0,1.0,1.0,1.0,1.0,1.0,0.0,100,6,0.01,0.1,4815162342
0.8029648189637562,0.8011823232764521,0.8014060562630789,0.8003708060976454,0.8013639649032568,0.8014575939008379,8.414311086952272E-4,1.0,1.0,1.0,1.0,1.0,1.0,0.0,100,8,0.02,0.001,4815162342
0.8156251847332708,0.8145240047810539,0.8143838646168068,0.8143436512171612,0.813956080692398,0.8145665572081381,5.618270527538382E-4,1.0,1.0,1.0,1.0,1.0,1.0,0.0,50,6,0.02,0.1,4815162342
0.8124483059697841,0.812112927147545,0.812904959740279,0.812106919351043,0.8123939154214914,0.8123934055260286,2.917000110010123E-4,1.0,1.0,1.0,1.0,1.0,1.0,0.0,100,2,0.02,0.001,4815162342
0.8142042876988852,0.8141143720349447,0.8138972738708942,0.8137942158669436,0.8141487180749688,0.8140317735093273,1.579768841695761E-4,1.0,1.0,1.0,1.0,1.0,1.0,0.0,100,2,0.01,0.1,4815162342
0.795857232647037,0.7939314512775187,0.7959958449208596,0.7945011979431514,0.7954738518979592,0.7951519157373051,8.032805794708665E-4,1.0,1.0,1.0,1.0,1.0,1.0,0.0,100,2,0.05,0.01,4815162342
0.8121399589879439,0.811017098867344,0.8112414896886055,0.8105010351982735,0.8106267094540557,0.8111052584392446,5.815550094451364E-4,1.0,1.0,1.0,1.0,1.0,1.0,0.0,100,4,0.02,0.001,4815162342
0.8162710081040735,0.8153601015526221,0.8153295708521753,0.8154138003067539,0.8159537101453584,0.8156656381921966,3.7925569108454094E-4,1.0,1.0,1.0,1.0,1.0,1.0,0.0,50,8,0.02,0.1,4815162342
0.8163310710322013,0.8154172823481987,0.815388754482718,0.8155850843729254,0.8160046195600782,0.8157453623592243,3.6626865820268837E-4,1.0,1.0,1.0,1.0,1.0,1.0,0.0,75,8,0.02,0.1,4815162342
0.8002226842944107,0.799278659808217,0.801229836297529,0.7996058361845361,0.8000158926263055,0.8000705818421995,6.653008331167186E-4,1.0,1.0,1.0,1.0,1.0,1.0,0.0,50,2,0.04,0.1,4815162342
0.8161475100765937,0.8157241557053871,0.8154016142888909,0.8156858548931382,0.8162381822789786,0.8158394634485978,3.10635729216919E-4,1.0,1.0,1.0,1.0,1.0,1.0,0.0,75,10,0.02,0.1,4815162342
0.8043007242175918,0.8027969194502176,0.8042575782666446,0.802405655851881,0.8024442042790423,0.8032410164130754,8.586428349023831E-4,1.0,1.0,1.0,1.0,1.0,1.0,0.0,50,4,0.04,0.1,4815162342
0.8142510274609839,0.8131159527808286,0.8134518112417619,0.8122463153314998,0.812447568655096,0.8131025350940341,7.21568000471453E-4,1.0,1.0,1.0,1.0,1.0,1.0,0.0,75,4,0.02,0.1,4815162342
0.7961003862876381,0.7957504164287519,0.7961618162144051,0.7940912261812918,0.7957599699023203,0.7955727630028815,7.598590044568416E-4,1.0,1.0,1.0,1.0,1.0,1.0,0.0,100,10,0.02,0.001,4815162342
0.8157759259033225,0.8145121140875758,0.814581264420409,0.814588471788044,0.8142273757526034,0.8147370303903909,5.359051736296879E-4,1.0,1.0,1.0,1.0,1.0,1.0,0.0,75,6,0.02,0.1,4815162342
0.8056102316757222,0.8045824824124651,0.806414002807792,0.8058856142334353,0.8058673949537193,0.8056719452166268,6.041923997969723E-4,1.0,1.0,1.0,1.0,1.0,1.0,0.0,50,10,0.04,0.1,4815162342
0.7866566770043245,0.7873365429372259,0.7862715651650284,0.7864271879401225,0.787351776035551,0.7868087498164504,4.540321592897876E-4,1.0,1.0,1.0,1.0,1.0,1.0,0.0,100,6,0.04,0.001,4815162342
0.800220985749427,0.7992956946909958,0.801182262473934,0.7995740461049271,0.8002033259877815,0.8000952630014131,6.511571558168969E-4,1.0,1.0,1.0,1.0,1.0,1.0,0.0,75,2,0.04,0.1,4815162342
0.777368853729334,0.7787668178928278,0.7800699170961201,0.7787903314181954,0.7781479628435508,0.7786287765960056,8.877644727947875E-4,1.0,1.0,1.0,1.0,1.0,1.0,0.0,100,8,0.04,0.001,4815162342
0.8011714120933822,0.7996347680998137,0.8015606385025512,0.8006139313069763,0.8008479929023338,0.8007657485810113,6.488978863534592E-4,1.0,1.0,1.0,1.0,1.0,1.0,0.0,100,2,0.04,0.001,4815162342
0.8058400652455668,0.8043263376265541,0.8047089961120361,0.8046411618068056,0.8041888489353507,0.8047410819452626,5.823662037323273E-4,1.0,1.0,1.0,1.0,1.0,1.0,0.0,50,6,0.04,0.1,4815162342
0.8066171558388677,0.8049910409484715,0.806182408751972,0.8058414669053101,0.8058388347211161,0.8058941814331474,5.34279289076764E-4,1.0,1.0,1.0,1.0,1.0,1.0,0.0,50,8,0.04,0.1,4815162342
0.7951966522287826,0.7946719039247538,0.7944181652634635,0.791446080957685,0.7938813776022621,0.7939228359953894,0.0013088235907274912,1.0,1.0,1.0,1.0,1.0,1.0,0.0,100,4,0.04,0.001,4815162342
0.8142063483237517,0.8138487592646718,0.813237692973588,0.8133765134433665,0.8130880992014405,0.8135514826413637,4.149758645947087E-4,1.0,1.0,1.0,1.0,1.0,1.0,0.0,25,6,0.02,0.1,4815162342
0.8172695734187129,0.8175237934010373,0.8172467361537338,0.8170916196506613,0.8174549765511409,0.8173173398350573,1.5477923149485775E-4,1.0,1.0,1.0,1.0,1.0,1.0,0.0,100,2,0.01,1.0E-4,4815162342
0.7998658766048031,0.7989241472173839,0.8012136634728971,0.80010401693292,0.7988005425891227,0.7997816493634253,8.785852173610104E-4,1.0,1.0,1.0,1.0,1.0,1.0,0.0,100,10,0.05,0.1,4815162342
0.8151126967584781,0.8146192900540784,0.8144788656829371,0.8144684469895959,0.8150466030051594,0.8147451804980499,2.790258585882173E-4,1.0,1.0,1.0,1.0,1.0,1.0,0.0,25,8,0.02,0.1,4815162342
0.8093921418540684,0.80912805751242,0.8100450547009834,0.8088475602815596,0.8088435229339856,0.8092512674566035,4.4595057000835277E-4,1.0,1.0,1.0,1.0,1.0,1.0,0.0,25,2,0.02,0.1,4815162342
0.8007777520783583,0.7985235644781875,0.8008048038755253,0.7996004460994484,0.7993096341510353,0.799803240136511,8.803573739093334E-4,1.0,1.0,1.0,1.0,1.0,1.0,0.0,100,8,0.05,0.1,4815162342
0.7831480676581486,0.7815943843741258,0.7833092379642056,0.7815679746527562,0.7826534431426638,0.78245462155838,7.452405605163504E-4,1.0,1.0,1.0,1.0,1.0,1.0,0.0,100,10,0.03,0.001,4815162342
0.8131955092621388,0.8126051089252161,0.8123096336556279,0.8110854948062105,0.8112208499082927,0.8120833193114972,8.12398459435635E-4,1.0,1.0,1.0,1.0,1.0,1.0,0.0,25,4,0.02,0.1,4815162342
0.7995096028453378,0.7984673439728137,0.7994504106693876,0.7992638296099921,0.7987114738283076,0.7990805321851677,4.1634445474702207E-4,1.0,1.0,1.0,1.0,1.0,1.0,0.0,100,6,0.05,0.1,4815162342
0.7981764937380008,0.7969276141831964,0.7993273615271835,0.7963911430896328,0.7976157038573896,0.7976876632790806,0.0010189585811572895,1.0,1.0,1.0,1.0,1.0,1.0,0.0,100,4,0.05,0.1,4815162342
0.8069549218545022,0.8083088912631227,0.8073114763523591,0.8062443372773962,0.808358838798341,0.8074356931091442,8.100089504925581E-4,1.0,1.0,1.0,1.0,1.0,1.0,0.0,100,10,0.01,1.0E-4,4815162342
0.7949870123948607,0.793608094565123,0.7962272665880703,0.7942430006708452,0.7949076848778281,0.7947946118193454,8.734301618424386E-4,1.0,1.0,1.0,1.0,1.0,1.0,0.0,100,2,0.05,0.1,4815162342
0.8123255938704232,0.8124637507785949,0.8112777434886826,0.8110857900636846,0.8114733705002828,0.8117252497403336,5.618559482538843E-4,1.0,1.0,1.0,1.0,1.0,1.0,0.0,100,8,0.01,1.0E-4,4815162342
0.8147902290968999,0.8146316633966063,0.8145860708056243,0.8137853123630595,0.8151700853006953,0.814592672192577,4.5295218610630545E-4,1.0,1.0,1.0,1.0,1.0,1.0,0.0,25,10,0.02,0.1,4815162342
0.8155274897669643,0.8158870224980969,0.8154414470798866,0.8150216103309256,0.8151845475945928,0.8154124234540931,2.9798965900320094E-4,1.0,1.0,1.0,1.0,1.0,1.0,0.0,100,6,0.01,1.0E-4,4815162342
0.8184164943210525,0.8187954869851389,0.8163171958792509,0.8179506702381826,0.8171285623445007,0.8177216819536252,8.958380556705497E-4,1.0,1.0,1.0,1.0,1.0,1.0,0.0,100,4,0.01,1.0E-4,4815162342
0.8053890996016059,0.8040759176939525,0.8043990040818892,0.8044611536025456,0.8039970201763145,0.8044644390312616,4.957255112449149E-4,1.0,1.0,1.0,1.0,1.0,1.0,0.0,25,6,0.04,0.1,4815162342
0.8062362157529581,0.8047675343987835,0.8058451098676929,0.8058007571951126,0.8062007051363963,0.8057700644701885,5.318625388088377E-4,1.0,1.0,1.0,1.0,1.0,1.0,0.0,25,8,0.04,0.1,4815162342
0.8000537362871474,0.7991192548619734,0.8012984621238628,0.7990907209786894,0.7996829654244103,0.7998490279352166,8.096838781660785E-4,1.0,1.0,1.0,1.0,1.0,1.0,0.0,25,2,0.04,0.1,4815162342
0.8042765504543742,0.803040957565133,0.8034685226702232,0.801093229096495,0.8018995827423719,0.8027557685057195,0.0011313019387028265,1.0,1.0,1.0,1.0,1.0,1.0,0.0,25,4,0.04,0.1,4815162342
0.8057606490540014,0.8042017032637754,0.806424406428354,0.805186554160667,0.8057516212432576,0.805464986830011,7.434341293370677E-4,1.0,1.0,1.0,1.0,1.0,1.0,0.0,25,10,0.04,0.1,4815162342
0.8082346801269891,0.8099554822253093,0.8087651406789703,0.8077378705253617,0.8097325638214665,0.8088851474756193,8.505862381994432E-4,1.0,1.0,1.0,1.0,1.0,1.0,0.0,75,10,0.01,1.0E-4,4815162342
0.8132443237618268,0.8136501994829033,0.8124955330111688,0.8122180493847153,0.8126698314104093,0.8128555874102048,5.202160114453926E-4,1.0,1.0,1.0,1.0,1.0,1.0,0.0,75,8,0.01,1.0E-4,4815162342
0.7892694574807053,0.7901500815074071,0.7888905338692099,0.7894175955837827,0.7898143254186741,0.7895083987719558,4.364500071807903E-4,1.0,1.0,1.0,1.0,1.0,1.0,0.0,25,6,0.05,0.01,4815162342
0.814984293783089,0.815623738684761,0.8144392970376247,0.8153035659775825,0.8151656587766838,0.8151033108519481,3.92406400691959E-4,1.0,1.0,1.0,1.0,1.0,1.0,0.0,25,6,0.01,0.1,4815162342
0.813976623860584,0.8146634096499416,0.8135149897320906,0.8131931804919308,0.8137541396755158,0.8138204686820126,4.952052735123266E-4,1.0,1.0,1.0,1.0,1.0,1.0,0.0,50,8,0.01,1.0E-4,4815162342
0.7866751238119449,0.7856152254377585,0.7863706376687315,0.7853819565450867,0.7850204546529935,0.785812679623303,6.176176953520101E-4,1.0,1.0,1.0,1.0,1.0,1.0,0.0,25,8,0.05,0.01,4815162342
0.8162156452447298,0.816025951028658,0.8152765986100178,0.8161136744651265,0.8160110133985328,0.8159285765494129,3.3407260617759215E-4,1.0,1.0,1.0,1.0,1.0,1.0,0.0,25,8,0.01,0.1,4815162342
0.816508571030434,0.8171151821787038,0.8165307073694792,0.8162332120929476,0.8159988331570944,0.8164773011657317,3.7396077989261425E-4,1.0,1.0,1.0,1.0,1.0,1.0,0.0,50,6,0.01,1.0E-4,4815162342
0.8127170939475432,0.8124666199281257,0.813153701398439,0.8126641218119898,0.8115376856872272,0.8125078445546651,5.344617198879876E-4,1.0,1.0,1.0,1.0,1.0,1.0,0.0,25,2,0.01,0.1,4815162342
0.7958846493355812,0.7947882692591319,0.7973853350925707,0.7936018905914066,0.7954984032769636,0.7954317095111308,0.0012480791715515063,1.0,1.0,1.0,1.0,1.0,1.0,0.0,25,2,0.05,0.01,4815162342
0.8189440591803873,0.8194076379322824,0.8166569245245278,0.8178700911949736,0.8171281323745736,0.8180013690413489,0.0010443719739448988,1.0,1.0,1.0,1.0,1.0,1.0,0.0,50,4,0.01,1.0E-4,4815162342
0.7950758229187173,0.794220204122309,0.7938614251034126,0.791253361300165,0.7917266627216785,0.7932274952332565,0.0014800916366977867,1.0,1.0,1.0,1.0,1.0,1.0,0.0,25,4,0.05,0.01,4815162342
0.814873132882096,0.815091481213619,0.8139660503800746,0.8141888896258311,0.813722122309122,0.8143683352821485,5.271405405829626E-4,1.0,1.0,1.0,1.0,1.0,1.0,0.0,25,4,0.01,0.1,4815162342
0.8172767269952254,0.8174305724912515,0.8174520185925912,0.8171764774965211,0.8170542576270459,0.817278010640527,1.5095027247205133E-4,1.0,1.0,1.0,1.0,1.0,1.0,0.0,50,2,0.01,1.0E-4,4815162342
0.8161151346814128,0.8166133829429791,0.8162050064418739,0.8156590005222084,0.8157166438257734,0.8160618336828496,3.48991866513932E-4,1.0,1.0,1.0,1.0,1.0,1.0,0.0,75,6,0.01,1.0E-4,4815162342
0.8188043981050009,0.8192369266350926,0.8164733134536845,0.8180884819272508,0.8171772714239193,0.8179560783089895,0.0010181239029975993,1.0,1.0,1.0,1.0,1.0,1.0,0.0,75,4,0.01,1.0E-4,4815162342
0.7817937928118982,0.7795164061918413,0.780846394153408,0.7797580080926141,0.7788875646047965,0.7801604331709115,0.001032987634614129,1.0,1.0,1.0,1.0,1.0,1.0,0.0,25,10,0.05,0.01,4815162342
0.8173280770846718,0.8175586827247261,0.8173483479108693,0.8171849943667531,0.817354089178509,0.817354838253106,1.1929657172995906E-4,1.0,1.0,1.0,1.0,1.0,1.0,0.0,75,2,0.01,1.0E-4,4815162342
0.8155278758596042,0.8164450077910486,0.8157721802952681,0.815230934753703,0.8161155574494481,0.8158183112298143,4.2722260872513225E-4,1.0,1.0,1.0,1.0,1.0,1.0,0.0,25,10,0.01,0.1,4815162342
0.8094622163117119,0.8115128362697059,0.8099688445136629,0.809117020911552,0.8110271365004171,0.8102176109014101,9.139742313346377E-4,1.0,1.0,1.0,1.0,1.0,1.0,0.0,50,10,0.01,1.0E-4,4815162342
0.7949518685832968,0.793533479342901,0.7962542517242991,0.7942725780942331,0.7946085482111963,0.7947241451911853,8.975571974080868E-4,1.0,1.0,1.0,1.0,1.0,1.0,0.0,50,2,0.05,0.1,4815162342
0.8095263279809691,0.8116903446258606,0.8100960835722524,0.8092804620354276,0.8107166883641191,0.8102619813157258,8.693754348293125E-4,1.0,1.0,1.0,1.0,1.0,1.0,0.0,25,10,0.01,1.0E-4,4815162342
0.8130438586005296,0.8138137236491936,0.8125363322410156,0.8130945970897145,0.8136482093551253,0.8132273441871158,4.582040211950885E-4,1.0,1.0,1.0,1.0,1.0,1.0,0.0,25,8,0.01,1.0E-4,4815162342
0.8150872476202738,0.8159813658083678,0.8147824883161006,0.8153407454244646,0.814961500335716,0.8152306695009847,4.1702515625097636E-4,1.0,1.0,1.0,1.0,1.0,1.0,0.0,25,6,0.01,1.0E-4,4815162342
0.8000170911209183,0.7981641305739909,0.8013588811039988,0.7996915308009146,0.7991249050409526,0.799671307728155,0.001052427469886229,1.0,1.0,1.0,1.0,1.0,1.0,0.0,25,10,0.05,0.1,4815162342
0.8174862497213365,0.8178565436350872,0.815810283093146,0.8163401156157548,0.8157469787309344,0.8166480341592518,8.685208166527794E-4,1.0,1.0,1.0,1.0,1.0,1.0,0.0,25,4,0.01,1.0E-4,4815162342
0.8163972363335839,0.8162402889884544,0.8170463840682831,0.8164784630481877,0.8154043224460206,0.8163133389769059,5.297748928747068E-4,1.0,1.0,1.0,1.0,1.0,1.0,0.0,25,2,0.01,1.0E-4,4815162342
0.7997048310773613,0.7988199859836387,0.8011930092114765,0.8001733871025658,0.7988318138203838,0.7997446054390852,8.912259959434341E-4,1.0,1.0,1.0,1.0,1.0,1.0,0.0,75,10,0.05,0.1,4815162342
0.8007361612375823,0.7985675125324927,0.8007470940383997,0.7995187743663992,0.7996074213824255,0.7998353927114599,8.249026001541222E-4,1.0,1.0,1.0,1.0,1.0,1.0,0.0,75,8,0.05,0.1,4815162342
0.7995311406243735,0.7982768903654868,0.7992788960975277,0.7991539638009537,0.7985605900769187,0.7989602961930521,4.672654300667856E-4,1.0,1.0,1.0,1.0,1.0,1.0,0.0,75,6,0.05,0.1,4815162342
0.7984185158195561,0.7970272064128648,0.7994198653125983,0.7965453557278398,0.7972683260252621,0.7977358538596242,0.0010430696244038773,1.0,1.0,1.0,1.0,1.0,1.0,0.0,75,4,0.05,0.1,4815162342
0.7996863741912029,0.7985224113914784,0.801193723004142,0.8001135114977349,0.7989250322560327,0.7996882104681181,9.369077653992511E-4,1.0,1.0,1.0,1.0,1.0,1.0,0.0,50,10,0.05,0.1,4815162342
0.7949947625915754,0.7935817910147924,0.7962244624334208,0.7942489602387204,0.7948130626936761,0.7947726077944369,8.776243627878577E-4,1.0,1.0,1.0,1.0,1.0,1.0,0.0,75,2,0.05,0.1,4815162342
0.8006156218055003,0.7987010604861693,0.8007091422129611,0.7997432977238296,0.7999878898147761,0.7999514024086473,7.243411947352319E-4,1.0,1.0,1.0,1.0,1.0,1.0,0.0,50,8,0.05,0.1,4815162342
0.7995662576427696,0.7980471602260332,0.7993606155176449,0.7990561052087407,0.7983016426307368,0.798866356245185,5.933198880976917E-4,1.0,1.0,1.0,1.0,1.0,1.0,0.0,50,6,0.05,0.1,4815162342
0.7987233732410806,0.797186441345393,0.79943289212841,0.7964620478455541,0.7968933745662088,0.7977396258253293,0.0011392339099550834,1.0,1.0,1.0,1.0,1.0,1.0,0.0,50,4,0.05,0.1,4815162342
0.8004903267670382,0.7997957251860942,0.7987254411520976,0.796935290134079,0.7975663634628747,0.7987026293404368,0.0013270892216021813,1.0,1.0,1.0,1.0,1.0,1.0,0.0,25,4,0.04,1.0E-4,4815162342
0.8018819669168549,0.8012696458814432,0.8031407317773522,0.8004110227770503,0.8015152081532669,0.8016437151011935,8.914925730699869E-4,1.0,1.0,1.0,1.0,1.0,1.0,0.0,25,2,0.04,1.0E-4,4815162342
0.7948603057723127,0.7922647311987827,0.7945752896951538,0.7922046581689811,0.7940013393015616,0.7935812648273584,0.0011339136146639793,1.0,1.0,1.0,1.0,1.0,1.0,0.0,100,2,0.05,1.0E-4,4815162342
0.7973117905453044,0.7947196555891259,0.7955726357144489,0.794528097150642,0.7944376139648419,0.7953139585928726,0.0010767544322741298,1.0,1.0,1.0,1.0,1.0,1.0,0.0,50,8,0.03,1.0E-4,4815162342
0.7871821426089892,0.7859881731834584,0.7828293474865274,0.7828591014747905,0.7828571681284512,0.7843431865764433,0.0018691238856140965,1.0,1.0,1.0,1.0,1.0,1.0,0.0,100,4,0.05,1.0E-4,4815162342
0.8011467427288598,0.80090686817278,0.8008040698289945,0.80077001710638,0.8004498884018474,0.8008155172477723,2.2536240594081856E-4,1.0,1.0,1.0,1.0,1.0,1.0,0.0,50,6,0.03,1.0E-4,4815162342
0.7735216157156177,0.7745889046975118,0.7747212271210416,0.7737622460657679,0.7739796465837485,0.7741147280367375,4.662525944483642E-4,1.0,1.0,1.0,1.0,1.0,1.0,0.0,100,6,0.05,1.0E-4,4815162342
0.806020934062055,0.8050916353729952,0.8051661567697735,0.8031231217065348,0.8043669661166802,0.8047537628056076,9.69386581214191E-4,1.0,1.0,1.0,1.0,1.0,1.0,0.0,50,4,0.03,1.0E-4,4815162342
0.7496198604097384,0.76376918115725,0.7660423163165254,0.7611017935038306,0.7624518773652634,0.7605970057505216,0.005725507544087769,1.0,1.0,1.0,1.0,1.0,1.0,0.0,100,8,0.05,1.0E-4,4815162342
0.8074096039379921,0.8068919835170648,0.808224397448744,0.8071550183209902,0.8071654915207699,0.8073692989491121,4.57843120142161E-4,1.0,1.0,1.0,1.0,1.0,1.0,0.0,50,2,0.03,1.0E-4,4815162342
0.7541190193878795,0.7527227366596264,0.7569090578109481,0.7544383801005314,0.7507610467561848,0.7537900481430342,0.002028338281438139,1.0,1.0,1.0,1.0,1.0,1.0,0.0,100,10,0.05,1.0E-4,4815162342
0.813907140113307,0.8136977670281834,0.8124973830601024,0.8110928802854536,0.8112496240419197,0.8124889589057933,0.0011796196335649453,1.0,1.0,1.0,1.0,1.0,1.0,0.0,25,4,0.02,1.0E-4,4815162342
0.7940282994156456,0.791589573912984,0.792250979370117,0.7911765634474289,0.7908127241500104,0.7919716280592372,0.0011339387639199257,1.0,1.0,1.0,1.0,1.0,1.0,0.0,75,8,0.03,1.0E-4,4815162342
0.7991576111456026,0.7981377961710564,0.7985918680155182,0.7981580852578036,0.7980187478410364,0.7984128216862035,4.201411201616983E-4,1.0,1.0,1.0,1.0,1.0,1.0,0.0,75,6,0.03,1.0E-4,4815162342
0.812485096209648,0.8125278495905025,0.8134067792153639,0.8122530642136254,0.8120684209998438,0.8125482420457967,4.6018420423324553E-4,1.0,1.0,1.0,1.0,1.0,1.0,0.0,25,2,0.02,1.0E-4,4815162342
0.8048713959597804,0.8034025012106473,0.8040490973617439,0.8019305664360065,0.8033307594221516,0.8035168640780659,9.676861995953276E-4,1.0,1.0,1.0,1.0,1.0,1.0,0.0,75,4,0.03,1.0E-4,4815162342
0.8072363310341004,0.8063294451960588,0.8079539158437788,0.8068722798440907,0.8068668740077521,0.8070517691851562,5.359265369728872E-4,1.0,1.0,1.0,1.0,1.0,1.0,0.0,75,2,0.03,1.0E-4,4815162342
0.7884675624330443,0.7880797117996066,0.7892412725912629,0.7872991650041531,0.7893106265838784,0.7884796676823891,7.515627121859335E-4,1.0,1.0,1.0,1.0,1.0,1.0,0.0,50,10,0.03,1.0E-4,4815162342
0.8028515146914345,0.8043474166077377,0.8029840980799157,0.8016531911422454,0.8040605381190218,0.803179351728071,9.607946983766776E-4,1.0,1.0,1.0,1.0,1.0,1.0,0.0,25,10,0.02,1.0E-4,4815162342
0.8082399822489511,0.8079569140997348,0.8075817242175343,0.8069562289316535,0.8072300743128689,0.8075929847621485,4.665488382614599E-4,1.0,1.0,1.0,1.0,1.0,1.0,0.0,25,8,0.02,1.0E-4,4815162342
0.810656164573232,0.8110450883266583,0.810605174922237,0.8105473171390982,0.8100522655790678,0.8105812021080586,3.169563167483817E-4,1.0,1.0,1.0,1.0,1.0,1.0,0.0,25,6,0.02,1.0E-4,4815162342
0.8031788192696125,0.8038902263137515,0.8031462702601819,0.8037588351375259,0.8035918702165569,0.8035132042395258,3.0170262569260395E-4,1.0,1.0,1.0,1.0,1.0,1.0,0.0,25,6,0.03,1.0E-4,4815162342
0.8074429102955514,0.8070879273763778,0.8060855827022254,0.8044867167734582,0.805093178056151,0.8060392630407527,0.0011293843212949084,1.0,1.0,1.0,1.0,1.0,1.0,0.0,25,4,0.03,1.0E-4,4815162342
0.8074897453687391,0.8072635594793878,0.8086042760358192,0.8068715431189603,0.8071270262599566,0.8074712300525725,6.008932938962664E-4,1.0,1.0,1.0,1.0,1.0,1.0,0.0,25,2,0.03,1.0E-4,4815162342
0.7845234400987703,0.7830898059324914,0.7847078153151504,0.7831579581178502,0.7837032829621554,0.7838364604852835,6.733193841503708E-4,1.0,1.0,1.0,1.0,1.0,1.0,0.0,25,10,0.04,1.0E-4,4815162342
0.7917658892586529,0.7896064433224633,0.7904174158754721,0.7898005736671948,0.789586024027865,0.7902352692303296,8.224204106632063E-4,1.0,1.0,1.0,1.0,1.0,1.0,0.0,25,8,0.04,1.0E-4,4815162342
0.7940832739236013,0.7943088650863223,0.7941818046502783,0.7923614243627932,0.7946979344524591,0.7939266604950908,8.100042373517531E-4,1.0,1.0,1.0,1.0,1.0,1.0,0.0,25,10,0.03,1.0E-4,4815162342
0.794745409603268,0.7960878425907335,0.7944126417159585,0.7953549434046312,0.7954382161516316,0.7952078106932445,5.822884716465185E-4,1.0,1.0,1.0,1.0,1.0,1.0,0.0,25,6,0.04,1.0E-4,4815162342
0.8011011431385213,0.7990444338050569,0.799690915460231,0.7987283341038187,0.7987035155782362,0.7994536684171728,8.974153143967922E-4,1.0,1.0,1.0,1.0,1.0,1.0,0.0,25,8,0.03,1.0E-4,4815162342
0.8071045674620396,0.8057826195636789,0.8077720076669627,0.8064608215810297,0.8066546405939846,0.8067549313735392,6.631196946454407E-4,1.0,1.0,1.0,1.0,1.0,1.0,0.0,100,2,0.03,1.0E-4,4815162342
0.8064520353265144,0.8055545339448967,0.8052313781211112,0.8042979318384884,0.8047034980049753,0.8052478754471972,7.406824245603976E-4,1.0,1.0,1.0,1.0,1.0,1.0,0.0,50,8,0.02,1.0E-4,4815162342
0.8099740317140295,0.8093354447930072,0.809548285948612,0.8090508799680156,0.8083654904964185,0.8092548265840167,5.371008494145199E-4,1.0,1.0,1.0,1.0,1.0,1.0,0.0,50,6,0.02,1.0E-4,4815162342
0.7735388334738217,0.7707462579375217,0.7730635518604907,0.7725655360791593,0.7731581955368044,0.7726144749775596,9.843140400710596E-4,1.0,1.0,1.0,1.0,1.0,1.0,0.0,75,10,0.04,1.0E-4,4815162342
0.8133652094783571,0.8129943040308291,0.8124289521361027,0.8111770477265866,0.8114058445590956,0.8122742715861941,8.59137239082465E-4,1.0,1.0,1.0,1.0,1.0,1.0,0.0,50,4,0.02,1.0E-4,4815162342
0.7792922962071542,0.780003646840993,0.7811053623615904,0.7805256759506694,0.7801672585757118,0.7802188479872237,5.97916772967631E-4,1.0,1.0,1.0,1.0,1.0,1.0,0.0,75,8,0.04,1.0E-4,4815162342
0.8126031369585904,0.812568029034345,0.8131954966716363,0.8124802644900276,0.8125701006508219,0.8126834055610843,2.5926681022248233E-4,1.0,1.0,1.0,1.0,1.0,1.0,0.0,50,2,0.02,1.0E-4,4815162342
0.8085337930901989,0.8075790356204228,0.8081268581015824,0.8074660128783758,0.8066041973623475,0.8076619794105856,6.542716110227521E-4,1.0,1.0,1.0,1.0,1.0,1.0,0.0,75,6,0.02,1.0E-4,4815162342
0.7814777886858919,0.7802053197377552,0.7817884178055292,0.7800843782087408,0.7812481213791029,0.780960805163404,6.890061960477638E-4,1.0,1.0,1.0,1.0,1.0,1.0,0.0,100,10,0.03,1.0E-4,4815162342
0.8049661863578054,0.8044090877204948,0.8059349392128949,0.8041966880206695,0.8045538378798176,0.8048121478383365,6.152008804756936E-4,1.0,1.0,1.0,1.0,1.0,1.0,0.0,25,2,0.03,0.1,4815162342
0.8125500864729814,0.8118303743213144,0.8117300062483043,0.8108110771534022,0.8109716799071078,0.811578644820622,6.30482900203687E-4,1.0,1.0,1.0,1.0,1.0,1.0,0.0,75,4,0.02,1.0E-4,4815162342
0.7915355629276684,0.7892840443751798,0.7895579396540299,0.7886362177836886,0.7877045563217503,0.7893436642124634,0.00126815169396705,1.0,1.0,1.0,1.0,1.0,1.0,0.0,100,8,0.03,1.0E-4,4815162342
0.812511985658046,0.8123051269494886,0.8130085943210018,0.8123062166361624,0.8124992829070715,0.812526241294354,2.5725350292863823E-4,1.0,1.0,1.0,1.0,1.0,1.0,0.0,75,2,0.02,1.0E-4,4815162342
0.7974400764243227,0.7957835331051198,0.7966490940913779,0.7961483881090603,0.7960840810924404,0.7964210345644642,5.80472101410443E-4,1.0,1.0,1.0,1.0,1.0,1.0,0.0,100,6,0.03,1.0E-4,4815162342
0.8039399758584546,0.802060230809431,0.802995673433999,0.8012314015480805,0.8023087671530733,0.8025072097606077,9.119508427315833E-4,1.0,1.0,1.0,1.0,1.0,1.0,0.0,100,4,0.03,1.0E-4,4815162342
0.8000435030922602,0.8007322027201017,0.8004381517485539,0.7983228821727085,0.8009968053017162,0.800106709007068,9.465095089139418E-4,1.0,1.0,1.0,1.0,1.0,1.0,0.0,50,10,0.02,1.0E-4,4815162342
0.8112377595593872,0.8101246155423024,0.8106220873534523,0.8105767047044207,0.8111566718142521,0.810743567794763,4.1002027035405157E-4,1.0,1.0,1.0,1.0,1.0,1.0,0.0,25,8,0.03,0.1,4815162342
0.7858399545957621,0.7840110149243843,0.7850566938880814,0.7846519834247762,0.7840273993762317,0.7847174092418471,6.86237455505915E-4,1.0,1.0,1.0,1.0,1.0,1.0,0.0,50,8,0.04,1.0E-4,4815162342
0.8108867507730274,0.8099365273827515,0.8108682258172091,0.8098639517652795,0.8111067068400492,0.8105324325156633,5.234613662110655E-4,1.0,1.0,1.0,1.0,1.0,1.0,0.0,25,10,0.03,0.1,4815162342
0.7908868321108845,0.792270124716907,0.7904102075773876,0.7907024776193493,0.7910471343175101,0.7910633552684077,6.394608088219747E-4,1.0,1.0,1.0,1.0,1.0,1.0,0.0,50,6,0.04,1.0E-4,4815162342
0.7971266339070706,0.7974529784113353,0.7976332574177655,0.7954217700837112,0.79749988836585,0.7970269056371465,8.196729866404906E-4,1.0,1.0,1.0,1.0,1.0,1.0,0.0,75,10,0.02,1.0E-4,4815162342
0.8091052231553396,0.8081324153847617,0.8080918225984609,0.8063910311093491,0.8068351106815278,0.8077111205858877,9.773407678688797E-4,1.0,1.0,1.0,1.0,1.0,1.0,0.0,25,4,0.03,0.1,4815162342
0.7983192167754104,0.7969229645863753,0.7967559170071193,0.7944135326045302,0.795948097175968,0.7964719456298808,0.0012812454809999765,1.0,1.0,1.0,1.0,1.0,1.0,0.0,50,4,0.04,1.0E-4,4815162342
0.8041614854806212,0.8027450142732643,0.8028077520461788,0.8016676796171003,0.802456209984706,0.8027676282803741,8.064524314917987E-4,1.0,1.0,1.0,1.0,1.0,1.0,0.0,75,8,0.02,1.0E-4,4815162342
0.8103635372375818,0.809393520767059,0.8091750844390049,0.8093120992652315,0.8091368045280046,0.8094762092473763,4.532090349865934E-4,1.0,1.0,1.0,1.0,1.0,1.0,0.0,25,6,0.03,0.1,4815162342
0.8015668627696879,0.8005855182730839,0.8025241934611476,0.8008494459889738,0.8012185924069245,0.8013489225799635,6.74982744249022E-4,1.0,1.0,1.0,1.0,1.0,1.0,0.0,50,2,0.04,1.0E-4,4815162342
0.7881110447198417,0.7888890082343185,0.7874135257447171,0.787594206753627,0.7883454244983156,0.788070641990164,5.302175801625773E-4,1.0,1.0,1.0,1.0,1.0,1.0,0.0,75,6,0.04,1.0E-4,4815162342
0.7963216354728843,0.7953003588690837,0.7951711075201219,0.7924284170276167,0.7944833784369711,0.7947409794653355,0.001296972797957948,1.0,1.0,1.0,1.0,1.0,1.0,0.0,75,4,0.04,1.0E-4,4815162342
0.8012528241662378,0.8000159051110463,0.8019474898597149,0.8008057196872848,0.8009256607290618,0.800989519910669,6.281435901944154E-4,1.0,1.0,1.0,1.0,1.0,1.0,0.0,75,2,0.04,1.0E-4,4815162342
0.7778667728135814,0.7754633405914753,0.7779572698759115,0.7767636673600753,0.7775646399820465,0.7771231381246181,9.30358995318061E-4,1.0,1.0,1.0,1.0,1.0,1.0,0.0,50,10,0.04,1.0E-4,4815162342
0.8010467680418962,0.7994763460636284,0.8014204366698735,0.8005081088618011,0.8007239591641888,0.8006351237602776,6.561947339383362E-4,1.0,1.0,1.0,1.0,1.0,1.0,0.0,100,2,0.04,1.0E-4,4815162342
0.7844429271691996,0.7835471712848294,0.7852512440685353,0.7833349999196079,0.7846895711579134,0.7842531827200171,7.161111759656049E-4,1.0,1.0,1.0,1.0,1.0,1.0,0.0,75,10,0.03,1.0E-4,4815162342
0.7686354587143316,0.7671278439315653,0.7694206502319684,0.7691337714695784,0.7696052846600545,0.7687846018014997,8.907398854180888E-4,1.0,1.0,1.0,1.0,1.0,1.0,0.0,100,10,0.04,1.0E-4,4815162342
0.7760641233943136,0.7772851940967264,0.7785862320136033,0.777362688821433,0.7767956450282966,0.7772187766708745,8.255084096381127E-4,1.0,1.0,1.0,1.0,1.0,1.0,0.0,100,8,0.04,1.0E-4,4815162342
0.7856365472056205,0.7864877764635286,0.7850577322284744,0.7855262473727583,0.7865315015649305,0.7858479609670624,5.74325429182719E-4,1.0,1.0,1.0,1.0,1.0,1.0,0.0,100,6,0.04,1.0E-4,4815162342
0.7946260326466478,0.7940029653237138,0.793778466548097,0.7910056646727227,0.7933610063790718,0.7933548271140507,0.0012437137431155236,1.0,1.0,1.0,1.0,1.0,1.0,0.0,100,4,0.04,1.0E-4,4815162342
0.812421918035222,0.8120316984618933,0.8128897639886429,0.8120989556866987,0.8123712421674438,0.8123627156679802,3.034795783062593E-4,1.0,1.0,1.0,1.0,1.0,1.0,0.0,100,2,0.02,1.0E-4,4815162342
0.80515084623363,0.8046208371768304,0.8058734809669962,0.8045930197659936,0.8050083414679654,0.805049305122283,4.654106891599716E-4,1.0,1.0,1.0,1.0,1.0,1.0,0.0,50,2,0.03,0.1,4815162342
0.8094043785951648,0.8081478736432983,0.8088917086543347,0.8074990336082275,0.807475128614124,0.8082836246230298,7.633521914041485E-4,1.0,1.0,1.0,1.0,1.0,1.0,0.0,50,4,0.03,0.1,4815162342
0.8051628061651256,0.8046263601155381,0.805813173196703,0.8045488649421956,0.8051747459971041,0.8050651900833333,4.5610821688692616E-4,1.0,1.0,1.0,1.0,1.0,1.0,0.0,75,2,0.03,0.1,4815162342
0.8111342031872003,0.8104735954865592,0.8111251788058803,0.8109639311972942,0.8115224032755632,0.8110438623904994,3.392251567951374E-4,1.0,1.0,1.0,1.0,1.0,1.0,0.0,50,10,0.03,0.1,4815162342
0.7947639020408644,0.7945996060860926,0.7950556209547125,0.792860612348442,0.7944931607317334,0.794354580432369,7.707379190485122E-4,1.0,1.0,1.0,1.0,1.0,1.0,0.0,100,10,0.02,1.0E-4,4815162342
0.8092836939924046,0.8079858407269722,0.8090575315036838,0.8079213317797178,0.8076817573645257,0.8083860310734607,6.525045207447073E-4,1.0,1.0,1.0,1.0,1.0,1.0,0.0,75,4,0.03,0.1,4815162342
0.8021712701686191,0.8004190346555692,0.8006603055376408,0.79959586504857,0.8003957310642796,0.8006484412949357,8.418497680769085E-4,1.0,1.0,1.0,1.0,1.0,1.0,0.0,100,8,0.02,1.0E-4,4815162342
0.8072348566791941,0.8060919449303763,0.8067034205532315,0.8059315226971557,0.8051604690169938,0.8062244427753903,7.050892111482845E-4,1.0,1.0,1.0,1.0,1.0,1.0,0.0,100,6,0.02,1.0E-4,4815162342
0.8111828511642248,0.8095413290710513,0.8097493079658751,0.8097365894210188,0.8094199457811243,0.8099260046806588,6.40442641815358E-4,1.0,1.0,1.0,1.0,1.0,1.0,0.0,50,6,0.03,0.1,4815162342
0.8118496132674798,0.8105749862366061,0.810988776432945,0.8110587592161698,0.811238945584998,0.8111422161476398,4.152170147373484E-4,1.0,1.0,1.0,1.0,1.0,1.0,0.0,50,8,0.03,0.1,4815162342
0.8118883448569751,0.8107378575161518,0.8110727993296747,0.8102807704938272,0.8104399805979317,0.810883950558912,5.703946806399717E-4,1.0,1.0,1.0,1.0,1.0,1.0,0.0,100,4,0.02,1.0E-4,4815162342
0.8111003764637709,0.8105474987895313,0.8110861530548616,0.8111952145585161,0.8114020531273864,0.8110662591988133,2.8286362890191205E-4,1.0,1.0,1.0,1.0,1.0,1.0,0.0,75,10,0.03,0.1,4815162342
0.8112041844240169,0.8095022926575502,0.8099422496994054,0.8098658428521508,0.809492030904204,0.8100013201074654,6.288290470670511E-4,1.0,1.0,1.0,1.0,1.0,1.0,0.0,75,6,0.03,0.1,4815162342
0.8117814415268513,0.8105650720321834,0.8110739549972655,0.8111082605537245,0.8111123725225309,0.8111282203265111,3.866337309022206E-4,1.0,1.0,1.0,1.0,1.0,1.0,0.0,75,8,0.03,0.1,4815162342
0.8091171720538071,0.8078980160850108,0.8091759613690913,0.8081554109986734,0.8078171038817753,0.8084327328776716,5.937464290081896E-4,1.0,1.0,1.0,1.0,1.0,1.0,0.0,100,4,0.03,0.1,4815162342
0.8111407370831265,0.8095099905105463,0.8100748057872732,0.8099841811369032,0.8095821873193185,0.8100583803674336,5.839114032871365E-4,1.0,1.0,1.0,1.0,1.0,1.0,0.0,100,6,0.03,0.1,4815162342
0.8051464900579827,0.8046246752473961,0.8057934008934967,0.8045265450650164,0.8052263636684944,0.8050634949864772,4.576144674597027E-4,1.0,1.0,1.0,1.0,1.0,1.0,0.0,100,2,0.03,0.1,4815162342
0.8117206861946213,0.8105066941091156,0.8110853698764248,0.8110992721621129,0.8110092831741889,0.8110842611032927,3.8586753705201237E-4,1.0,1.0,1.0,1.0,1.0,1.0,0.0,100,8,0.03,0.1,4815162342
0.8111118897909877,0.8105047498136174,0.8110300742197407,0.8112330503356675,0.8112642028698929,0.8110287934059812,2.751969641571744E-4,1.0,1.0,1.0,1.0,1.0,1.0,0.0,100,10,0.03,0.1,4815162342
0.7830315014004368,0.7814668742406733,0.7837789611561652,0.7837900401129609,0.7831300760342298,0.7830394905888933,8.475297088205705E-4,1.0,1.0,1.0,1.0,1.0,1.0,0.0,100,10,0.04,0.01,4815162342
0.7908209214105073,0.7887309792844606,0.7898586217984791,0.7890679993678217,0.7874039937437415,0.789176503121002,0.0011420552917332809,1.0,1.0,1.0,1.0,1.0,1.0,0.0,100,8,0.04,0.01,4815162342
0.80203662757955,0.8005925843029059,0.8024931403940777,0.801242173929173,0.8016158214261672,0.8015960695263749,6.529077063235485E-4,1.0,1.0,1.0,1.0,1.0,1.0,0.0,100,2,0.04,0.01,4815162342
0.7937114244256008,0.7931539377185176,0.7934028596234531,0.793022847871922,0.793114805644587,0.7932811750568162,2.4920782858302824E-4,1.0,1.0,1.0,1.0,1.0,1.0,0.0,100,6,0.04,0.01,4815162342
0.7989441147761495,0.7983136629994592,0.7982276009954526,0.7951959378400494,0.797778170597497,0.7976918974417215,0.001302219363202496,1.0,1.0,1.0,1.0,1.0,1.0,0.0,100,4,0.04,0.01,4815162342
0.8124904360401989,0.8134713509362524,0.812544654182945,0.8114000669675333,0.813677075813673,0.8127167167881206,8.131589540205533E-4,1.0,1.0,1.0,1.0,1.0,1.0,0.0,100,10,0.01,0.01,4815162342
0.8160831227051681,0.8160823745957497,0.8147501721250016,0.8148306510563922,0.815377655768768,0.8154247952502158,5.789907509548256E-4,1.0,1.0,1.0,1.0,1.0,1.0,0.0,100,8,0.01,0.01,4815162342
0.7943512985055803,0.7920115929817265,0.7938722175446514,0.7922734406031067,0.7923987307043424,0.7929814560678815,9.435479284250509E-4,1.0,1.0,1.0,1.0,1.0,1.0,0.0,100,10,0.03,0.01,4815162342
0.817234056537608,0.8175097827034824,0.8171927214833548,0.8170056312326999,0.8173905331080253,0.8172665450130341,1.7269570758551755E-4,1.0,1.0,1.0,1.0,1.0,1.0,0.0,100,2,0.01,0.01,4815162342
0.8068663637863694,0.805454703009257,0.8060544594684501,0.804380178228988,0.8051307629923666,0.8055772934970863,8.410579598821466E-4,1.0,1.0,1.0,1.0,1.0,1.0,0.0,100,4,0.03,0.01,4815162342
0.8075934603919356,0.8068502390201304,0.8081473628629835,0.8068899946684537,0.8071933132715279,0.8073348740430063,4.857639751489017E-4,1.0,1.0,1.0,1.0,1.0,1.0,0.0,100,2,0.03,0.01,4815162342
0.7999578823059222,0.7978167974460708,0.7977845162048769,0.7973456956223209,0.7972966044861531,0.7980402992130688,9.826554737292494E-4,1.0,1.0,1.0,1.0,1.0,1.0,0.0,100,8,0.03,0.01,4815162342
0.8177899829786707,0.8181416199186841,0.8174440136807501,0.8172941875734524,0.8173856392970499,0.8176110886897214,3.1388990308531197E-4,1.0,1.0,1.0,1.0,1.0,1.0,0.0,100,6,0.01,0.01,4815162342
0.8193910922092583,0.8195897015182384,0.8172338820421304,0.8186251492354195,0.8180102355479627,0.8185700121106019,8.735642482316441E-4,1.0,1.0,1.0,1.0,1.0,1.0,0.0,100,4,0.01,0.01,4815162342
0.8037322088438192,0.8014926942111176,0.8022767675172642,0.8017753839976935,0.8011737305801524,0.8020901570300094,8.974451462923673E-4,1.0,1.0,1.0,1.0,1.0,1.0,0.0,100,6,0.03,0.01,4815162342
0.8042231240841319,0.8034785260244939,0.8031919956931,0.8020082725610787,0.8037806668004833,0.8033365170326574,7.468102071629036E-4,1.0,1.0,1.0,1.0,1.0,1.0,0.0,100,10,0.02,0.01,4815162342
0.8082384122287565,0.8063785068445749,0.8064125563115654,0.8060231371147867,0.8074039075454346,0.8068913040090235,8.152713642892215E-4,1.0,1.0,1.0,1.0,1.0,1.0,0.0,100,8,0.02,0.01,4815162342
0.8126053486789439,0.8125332014058614,0.8129779779434794,0.8121656427730506,0.8126280258134446,0.812582039322956,2.5891956416047304E-4,1.0,1.0,1.0,1.0,1.0,1.0,0.0,100,2,0.02,0.01,4815162342
0.8113321049696136,0.8102038680506859,0.8103016613443094,0.8098003032050143,0.809060961560231,0.810139779825971,7.390595918272725E-4,1.0,1.0,1.0,1.0,1.0,1.0,0.0,100,6,0.02,0.01,4815162342
0.8138014694289757,0.8128729054135982,0.812561037369464,0.812004224804007,0.8119466914639701,0.8126372656960029,6.773980671702114E-4,1.0,1.0,1.0,1.0,1.0,1.0,0.0,100,4,0.02,0.01,4815162342
